QUEST ID,MRUSEBYWEEK,MJUSEBYMONTH,USEAGE LEVELS
16240983,2,1,LOWLEVEL USE
45642490,5,24,MEDICORE USE
16238607,2,2,LOWLEVEL USE
56390573,2,7,HIGHLEVEL USE
87168109,7,30,MEDICORE USE
93777245,5,20,HIGHLEVEL USE
65574005,5,15,HIGHLEVEL USE
16633306,7,30,MEDICORE USE
26871849,6,28,MEDICORE USE
39620637,7,28,MEDICORE USE
91296148,5,25,MEDICORE USE
55769423,7,30,MEDICORE USE
53222514,1,4,HIGHLEVEL USE
23009216,6,27,MEDICORE USE
82925279,7,30,MEDICORE USE
35584839,5,30,MEDICORE USE
76422808,2,20,HIGHLEVEL USE
38539826,4,15,HIGHLEVEL USE
39080385,2,10,HIGHLEVEL USE
63311406,3,10,HIGHLEVEL USE
75099537,7,30,MEDICORE USE
78632570,7,30,MEDICORE USE
21936165,7,30,MEDICORE USE
39973224,7,30,MEDICORE USE
44381314,6,25,MEDICORE USE
27181559,1,1,LOWLEVEL USE
51384870,7,30,MEDICORE USE
81499443,6,28,MEDICORE USE
31392324,5,6,HIGHLEVEL USE
14300964,3,6,HIGHLEVEL USE
74062618,7,15,HIGHLEVEL USE
29138606,3,12,HIGHLEVEL USE
17845816,2,8,HIGHLEVEL USE
92676925,5,28,MEDICORE USE
83997817,7,30,MEDICORE USE
70331900,7,25,MEDICORE USE
71237795,4,5,HIGHLEVEL USE
23479745,5,25,MEDICORE USE
57686318,5,20,HIGHLEVEL USE
36704704,6,26,MEDICORE USE
44313198,3,6,HIGHLEVEL USE
43257098,5,20,HIGHLEVEL USE
53510439,5,21,MEDICORE USE
37146594,4,18,HIGHLEVEL USE
82088916,5,2,LOWLEVEL USE
27374500,6,1,LOWLEVEL USE
36084455,4,20,HIGHLEVEL USE
39485743,6,25,MEDICORE USE
45101280,3,15,HIGHLEVEL USE
77229599,3,15,HIGHLEVEL USE
31074203,5,25,MEDICORE USE
71414514,1,20,HIGHLEVEL USE
27348488,7,30,MEDICORE USE
81726285,1,4,HIGHLEVEL USE
95563813,7,30,MEDICORE USE
31270048,5,28,MEDICORE USE
17723269,2,19,HIGHLEVEL USE
87056809,4,15,HIGHLEVEL USE
24394845,6,25,MEDICORE USE
53550939,2,8,HIGHLEVEL USE
24525789,2,15,HIGHLEVEL USE
91119513,7,30,MEDICORE USE
44205514,1,29,MEDICORE USE
14348456,7,30,MEDICORE USE
29358486,6,25,MEDICORE USE
66575368,1,5,HIGHLEVEL USE
48177679,4,27,MEDICORE USE
11386426,4,15,HIGHLEVEL USE
59324694,7,29,MEDICORE USE
91555537,4,16,HIGHLEVEL USE
67861114,6,28,MEDICORE USE
32549168,4,24,MEDICORE USE
87470846,2,2,LOWLEVEL USE
59848584,2,6,HIGHLEVEL USE
37931918,5,19,HIGHLEVEL USE
77086250,3,12,HIGHLEVEL USE
23937738,5,25,MEDICORE USE
89862966,7,7,LOWLEVEL USE
34228000,6,25,MEDICORE USE
81655763,5,17,HIGHLEVEL USE
27985190,6,20,HIGHLEVEL USE
70122010,5,28,MEDICORE USE
70806499,7,30,MEDICORE USE
91074378,7,30,MEDICORE USE
23858590,5,20,HIGHLEVEL USE
55588540,7,30,MEDICORE USE
91951216,3,15,HIGHLEVEL USE
22369817,3,7,HIGHLEVEL USE
67990847,4,20,HIGHLEVEL USE
54140324,4,4,LOWLEVEL USE
64960686,7,6,LOWLEVEL USE
58297574,5,3,LOWLEVEL USE
23770059,7,29,MEDICORE USE
13960610,4,20,HIGHLEVEL USE
53820380,4,20,HIGHLEVEL USE
90863700,7,30,MEDICORE USE
72545387,6,28,MEDICORE USE
55739587,6,30,MEDICORE USE
77321408,4,20,HIGHLEVEL USE
53509619,3,12,HIGHLEVEL USE
41472136,3,12,HIGHLEVEL USE
41875958,5,20,HIGHLEVEL USE
76499247,3,20,HIGHLEVEL USE
95246720,6,24,MEDICORE USE
12235625,7,30,MEDICORE USE
66298913,2,7,HIGHLEVEL USE
91888908,5,10,HIGHLEVEL USE
73498140,6,25,MEDICORE USE
39810798,6,30,MEDICORE USE
51499094,1,3,HIGHLEVEL USE
23097577,7,7,LOWLEVEL USE
43694924,3,10,HIGHLEVEL USE
88528696,2,10,HIGHLEVEL USE
23381343,7,28,MEDICORE USE
67608467,7,7,LOWLEVEL USE
53493416,7,30,MEDICORE USE
95690897,7,30,MEDICORE USE
67800507,5,15,HIGHLEVEL USE
57259289,3,15,HIGHLEVEL USE
65220764,2,9,HIGHLEVEL USE
21895310,5,15,HIGHLEVEL USE
60186895,1,4,HIGHLEVEL USE
57163700,5,20,HIGHLEVEL USE
79532089,7,30,MEDICORE USE
85412616,1,1,LOWLEVEL USE
81311115,5,25,MEDICORE USE
48442107,7,30,MEDICORE USE
43852485,4,2,LOWLEVEL USE
89902689,6,25,MEDICORE USE
75194000,5,20,HIGHLEVEL USE
91085414,6,20,HIGHLEVEL USE
79879698,3,10,HIGHLEVEL USE
37499760,2,3,HIGHLEVEL USE
89755377,7,30,MEDICORE USE
69598675,7,30,MEDICORE USE
27675594,5,14,HIGHLEVEL USE
20144536,2,1,LOWLEVEL USE
45070953,1,5,HIGHLEVEL USE
52269290,1,4,HIGHLEVEL USE
43823558,7,30,MEDICORE USE
57937670,6,30,MEDICORE USE
23592350,4,25,MEDICORE USE
86929143,4,17,HIGHLEVEL USE
93685580,3,15,HIGHLEVEL USE
21764475,3,10,HIGHLEVEL USE
63121487,4,15,HIGHLEVEL USE
49259004,4,16,HIGHLEVEL USE
51834586,4,5,HIGHLEVEL USE
44930670,6,30,MEDICORE USE
71493139,7,30,MEDICORE USE
75855294,1,1,LOWLEVEL USE
81662504,3,5,HIGHLEVEL USE
24665256,7,30,MEDICORE USE
97648707,1,4,HIGHLEVEL USE
25335449,7,30,MEDICORE USE
31378638,1,2,HIGHLEVEL USE
43721154,5,1,LOWLEVEL USE
71938159,7,26,MEDICORE USE
55699105,7,30,MEDICORE USE
63241790,5,25,MEDICORE USE
81771913,2,14,HIGHLEVEL USE
65011775,2,2,LOWLEVEL USE
89569813,2,7,HIGHLEVEL USE
83589040,5,25,MEDICORE USE
88899659,5,20,HIGHLEVEL USE
51879169,7,30,MEDICORE USE
68000143,1,1,LOWLEVEL USE
57667697,1,1,LOWLEVEL USE
63247037,4,3,LOWLEVEL USE
97634249,2,5,HIGHLEVEL USE
85017687,1,1,LOWLEVEL USE
75011053,2,8,HIGHLEVEL USE
98118816,2,10,HIGHLEVEL USE
55633793,6,25,MEDICORE USE
33685175,3,30,MEDICORE USE
97280370,3,10,HIGHLEVEL USE
19907413,6,29,MEDICORE USE
51903678,6,25,MEDICORE USE
54511928,7,7,LOWLEVEL USE
53566520,5,10,HIGHLEVEL USE
15483114,3,20,HIGHLEVEL USE
13717618,5,25,MEDICORE USE
96093100,5,15,HIGHLEVEL USE
27831060,5,30,MEDICORE USE
67935247,7,30,MEDICORE USE
24694283,6,28,MEDICORE USE
63936927,2,10,HIGHLEVEL USE
85208078,3,12,HIGHLEVEL USE
49501823,3,30,MEDICORE USE
61871738,4,25,MEDICORE USE
31298128,7,7,LOWLEVEL USE
29941317,6,30,MEDICORE USE
59175646,1,1,LOWLEVEL USE
43330834,1,23,MEDICORE USE
95917697,4,20,HIGHLEVEL USE
99589217,3,30,MEDICORE USE
85607558,3,30,MEDICORE USE
25099735,5,17,HIGHLEVEL USE
78623759,2,5,HIGHLEVEL USE
77888694,7,30,MEDICORE USE
81407800,1,3,HIGHLEVEL USE
63430678,7,30,MEDICORE USE
94086280,6,30,MEDICORE USE
25144685,5,14,HIGHLEVEL USE
87944180,7,29,MEDICORE USE
41242088,7,30,MEDICORE USE
27234326,7,30,MEDICORE USE
27704760,7,30,MEDICORE USE
39552624,3,7,HIGHLEVEL USE
83220213,2,10,HIGHLEVEL USE
19627465,4,10,HIGHLEVEL USE
70591485,4,3,LOWLEVEL USE
61906653,2,9,HIGHLEVEL USE
64858434,4,25,MEDICORE USE
33548120,5,20,HIGHLEVEL USE
28391217,7,30,MEDICORE USE
74715237,7,20,HIGHLEVEL USE
23262170,5,20,HIGHLEVEL USE
41598570,3,25,MEDICORE USE
44625703,6,25,MEDICORE USE
58439884,5,20,HIGHLEVEL USE
75298819,1,1,LOWLEVEL USE
48170536,4,15,HIGHLEVEL USE
40505849,7,27,MEDICORE USE
49962697,7,7,LOWLEVEL USE
63106740,7,7,LOWLEVEL USE
48518904,7,3,LOWLEVEL USE
23974636,7,30,MEDICORE USE
93338986,2,2,LOWLEVEL USE
71577666,2,2,LOWLEVEL USE
19527168,2,5,HIGHLEVEL USE
76511296,2,3,HIGHLEVEL USE
92230849,6,28,MEDICORE USE
21972039,3,4,HIGHLEVEL USE
81752274,6,27,MEDICORE USE
28061607,7,30,MEDICORE USE
79353068,4,20,HIGHLEVEL USE
77928935,7,28,MEDICORE USE
83968678,7,30,MEDICORE USE
85621615,7,7,LOWLEVEL USE
61659587,3,10,HIGHLEVEL USE
25963660,5,20,HIGHLEVEL USE
67808155,7,30,MEDICORE USE
23462405,7,28,MEDICORE USE
53363848,3,15,HIGHLEVEL USE
53361095,7,30,MEDICORE USE
29772447,7,30,MEDICORE USE
99072634,7,30,MEDICORE USE
59591495,7,30,MEDICORE USE
47753350,7,30,MEDICORE USE
49997527,7,30,MEDICORE USE
54305706,7,30,MEDICORE USE
41289750,5,5,LOWLEVEL USE
61743849,7,30,MEDICORE USE
19077349,5,20,HIGHLEVEL USE
21211516,7,30,MEDICORE USE
48580543,5,20,HIGHLEVEL USE
83344388,2,2,LOWLEVEL USE
96778667,1,1,LOWLEVEL USE
31356070,5,30,MEDICORE USE
32018476,5,25,MEDICORE USE
39195739,1,1,LOWLEVEL USE
22798540,7,30,MEDICORE USE
11754664,3,5,HIGHLEVEL USE
65008235,7,30,MEDICORE USE
53015316,1,9,HIGHLEVEL USE
92546165,1,4,HIGHLEVEL USE
63609954,2,2,LOWLEVEL USE
59054673,6,25,MEDICORE USE
10305204,6,1,LOWLEVEL USE
31282230,4,24,MEDICORE USE
36021636,7,30,MEDICORE USE
43672403,4,16,HIGHLEVEL USE
49326117,1,4,HIGHLEVEL USE
77045636,1,3,HIGHLEVEL USE
10349858,2,8,HIGHLEVEL USE
24714619,5,15,HIGHLEVEL USE
22516059,7,30,MEDICORE USE
85962717,5,30,MEDICORE USE
76417393,5,30,MEDICORE USE
57136793,6,10,HIGHLEVEL USE
95003478,7,30,MEDICORE USE
23442034,7,30,MEDICORE USE
53713644,6,28,MEDICORE USE
49622810,4,20,HIGHLEVEL USE
52899440,6,22,MEDICORE USE
10270785,5,25,MEDICORE USE
91973237,4,13,HIGHLEVEL USE
44379400,7,30,MEDICORE USE
47363403,6,30,MEDICORE USE
11767270,1,30,MEDICORE USE
79305624,4,20,HIGHLEVEL USE
12007393,1,1,LOWLEVEL USE
17681783,2,21,MEDICORE USE
62644877,7,30,MEDICORE USE
99820467,4,23,MEDICORE USE
23262519,7,25,MEDICORE USE
11039653,7,30,MEDICORE USE
85025343,3,30,MEDICORE USE
17082484,7,30,MEDICORE USE
53524597,4,15,HIGHLEVEL USE
71472396,7,20,HIGHLEVEL USE
48879047,1,4,HIGHLEVEL USE
73424413,2,5,HIGHLEVEL USE
25969054,4,20,HIGHLEVEL USE
59819760,7,7,LOWLEVEL USE
25800575,4,20,HIGHLEVEL USE
41797155,7,30,MEDICORE USE
97675050,7,30,MEDICORE USE
20841256,7,27,MEDICORE USE
19631490,2,30,MEDICORE USE
22855940,7,7,LOWLEVEL USE
41919368,7,30,MEDICORE USE
89749620,3,23,MEDICORE USE
56665557,4,25,MEDICORE USE
53383846,5,3,LOWLEVEL USE
91965893,4,25,MEDICORE USE
11203846,6,30,MEDICORE USE
45167875,7,15,HIGHLEVEL USE
45701645,7,30,MEDICORE USE
50998234,2,10,HIGHLEVEL USE
87227009,1,2,HIGHLEVEL USE
84033065,5,25,MEDICORE USE
79656867,7,30,MEDICORE USE
49079527,3,20,HIGHLEVEL USE
79905683,7,29,MEDICORE USE
48568700,5,17,HIGHLEVEL USE
89351517,3,17,HIGHLEVEL USE
59128259,3,15,HIGHLEVEL USE
12269403,1,3,HIGHLEVEL USE
93931996,7,30,MEDICORE USE
17487078,5,20,HIGHLEVEL USE
59097324,7,30,MEDICORE USE
73470693,5,25,MEDICORE USE
35130438,5,5,LOWLEVEL USE
77386206,4,2,LOWLEVEL USE
32336898,7,7,LOWLEVEL USE
37581868,1,2,HIGHLEVEL USE
40753146,3,30,MEDICORE USE
89417966,4,20,HIGHLEVEL USE
82441686,3,3,LOWLEVEL USE
12737720,3,12,HIGHLEVEL USE
64536127,2,15,HIGHLEVEL USE
79123389,4,15,HIGHLEVEL USE
47172998,3,10,HIGHLEVEL USE
69953216,7,30,MEDICORE USE
26990616,5,25,MEDICORE USE
45095666,7,30,MEDICORE USE
16629253,7,30,MEDICORE USE
65182347,5,20,HIGHLEVEL USE
81088290,7,30,MEDICORE USE
37230903,4,13,HIGHLEVEL USE
75201558,7,30,MEDICORE USE
43739267,5,25,MEDICORE USE
22625718,7,30,MEDICORE USE
90406095,3,7,HIGHLEVEL USE
81558347,5,25,MEDICORE USE
27823230,4,15,HIGHLEVEL USE
78672990,3,2,LOWLEVEL USE
41430453,4,25,MEDICORE USE
60066294,1,8,HIGHLEVEL USE
27469739,7,26,MEDICORE USE
47742507,4,15,HIGHLEVEL USE
42669873,5,27,MEDICORE USE
57550155,7,30,MEDICORE USE
30220177,3,15,HIGHLEVEL USE
59895929,7,30,MEDICORE USE
31344836,7,30,MEDICORE USE
90534494,7,30,MEDICORE USE
50103503,6,28,MEDICORE USE
67862608,5,3,LOWLEVEL USE
42966123,5,28,MEDICORE USE
83874774,3,30,MEDICORE USE
73705016,7,30,MEDICORE USE
63117796,1,1,LOWLEVEL USE
69537280,7,30,MEDICORE USE
49117845,7,6,LOWLEVEL USE
71988998,5,20,HIGHLEVEL USE
99525594,7,25,MEDICORE USE
39389350,7,30,MEDICORE USE
53583840,7,30,MEDICORE USE
66572270,3,2,LOWLEVEL USE
51182617,5,20,HIGHLEVEL USE
11054219,4,22,MEDICORE USE
53788494,5,20,HIGHLEVEL USE
45366836,5,25,MEDICORE USE
68325576,2,20,HIGHLEVEL USE
48188485,3,10,HIGHLEVEL USE
57354998,1,6,HIGHLEVEL USE
78080120,1,15,HIGHLEVEL USE
85448860,5,27,MEDICORE USE
73021544,7,30,MEDICORE USE
33042833,7,30,MEDICORE USE
39095848,6,30,MEDICORE USE
18800780,4,15,HIGHLEVEL USE
24472059,1,1,LOWLEVEL USE
65010690,2,4,HIGHLEVEL USE
56193855,6,28,MEDICORE USE
85931070,5,20,HIGHLEVEL USE
75858800,1,1,LOWLEVEL USE
84609038,4,10,HIGHLEVEL USE
81742260,2,2,LOWLEVEL USE
40485257,5,5,LOWLEVEL USE
44528844,6,6,LOWLEVEL USE
39368003,2,30,MEDICORE USE
65662600,7,30,MEDICORE USE
17323474,7,30,MEDICORE USE
72708469,7,30,MEDICORE USE
93085705,1,4,HIGHLEVEL USE
21933883,6,20,HIGHLEVEL USE
77748684,3,4,HIGHLEVEL USE
47134525,5,25,MEDICORE USE
44957099,4,4,LOWLEVEL USE
34881524,2,2,LOWLEVEL USE
73185020,1,4,HIGHLEVEL USE
12409936,7,30,MEDICORE USE
49459527,1,1,LOWLEVEL USE
99313375,7,30,MEDICORE USE
43313113,5,20,HIGHLEVEL USE
45029826,7,12,HIGHLEVEL USE
36491670,7,30,MEDICORE USE
89572108,2,20,HIGHLEVEL USE
78765659,6,2,LOWLEVEL USE
31787008,5,30,MEDICORE USE
35992178,3,6,HIGHLEVEL USE
59002207,3,3,LOWLEVEL USE
55430173,7,30,MEDICORE USE
69716055,1,1,LOWLEVEL USE
47537658,7,7,LOWLEVEL USE
19725837,4,25,MEDICORE USE
96911497,5,20,HIGHLEVEL USE
59478709,7,30,MEDICORE USE
89280987,7,30,MEDICORE USE
99840323,7,30,MEDICORE USE
41676237,7,30,MEDICORE USE
57040653,5,5,LOWLEVEL USE
58089069,5,20,HIGHLEVEL USE
25697125,4,4,LOWLEVEL USE
63309593,6,25,MEDICORE USE
72260148,7,30,MEDICORE USE
71832964,4,15,HIGHLEVEL USE
28258019,4,10,HIGHLEVEL USE
43712565,7,30,MEDICORE USE
23009523,3,15,HIGHLEVEL USE
71710986,5,27,MEDICORE USE
75225450,4,20,HIGHLEVEL USE
65246867,3,10,HIGHLEVEL USE
85291926,7,30,MEDICORE USE
85723699,5,5,LOWLEVEL USE
75915528,7,30,MEDICORE USE
55497536,5,20,HIGHLEVEL USE
88859667,4,20,HIGHLEVEL USE
54727150,3,20,HIGHLEVEL USE
15811714,7,30,MEDICORE USE
80846739,7,30,MEDICORE USE
71046417,3,5,HIGHLEVEL USE
11754508,6,25,MEDICORE USE
24015085,5,15,HIGHLEVEL USE
39488124,5,25,MEDICORE USE
51849704,7,29,MEDICORE USE
58438177,5,25,MEDICORE USE
37199936,7,30,MEDICORE USE
81442479,5,4,LOWLEVEL USE
25968984,1,1,LOWLEVEL USE
22351718,7,30,MEDICORE USE
85969318,4,26,MEDICORE USE
17490340,6,25,MEDICORE USE
94771737,7,7,LOWLEVEL USE
61058694,7,30,MEDICORE USE
62281216,7,4,LOWLEVEL USE
29607815,3,18,HIGHLEVEL USE
47794385,2,5,HIGHLEVEL USE
98251966,5,25,MEDICORE USE
36584599,7,30,MEDICORE USE
20711047,6,10,HIGHLEVEL USE
81017199,4,25,MEDICORE USE
15900418,4,16,HIGHLEVEL USE
92124467,3,15,HIGHLEVEL USE
74069629,7,30,MEDICORE USE
79970065,3,20,HIGHLEVEL USE
57936218,1,4,HIGHLEVEL USE
33006038,5,20,HIGHLEVEL USE
20286705,5,30,MEDICORE USE
63267885,5,20,HIGHLEVEL USE
59402984,5,30,MEDICORE USE
93085149,3,3,LOWLEVEL USE
67093299,7,30,MEDICORE USE
73824864,5,21,MEDICORE USE
97009479,6,25,MEDICORE USE
35290120,2,2,LOWLEVEL USE
64217154,2,12,HIGHLEVEL USE
33700543,5,27,MEDICORE USE
49722136,7,7,LOWLEVEL USE
45258583,6,30,MEDICORE USE
81804937,7,30,MEDICORE USE
31110729,1,5,HIGHLEVEL USE
42690068,2,25,MEDICORE USE
99318688,1,3,HIGHLEVEL USE
42810693,1,30,MEDICORE USE
65991923,7,30,MEDICORE USE
13479580,5,30,MEDICORE USE
13648709,3,12,HIGHLEVEL USE
79917233,7,30,MEDICORE USE
29545695,6,29,MEDICORE USE
45434128,3,15,HIGHLEVEL USE
17524378,2,20,HIGHLEVEL USE
95669036,2,2,LOWLEVEL USE
23829305,4,20,HIGHLEVEL USE
57000488,4,20,HIGHLEVEL USE
81433239,7,28,MEDICORE USE
69699419,6,30,MEDICORE USE
12004125,5,26,MEDICORE USE
93282178,1,5,HIGHLEVEL USE
48908149,7,7,LOWLEVEL USE
13775028,6,30,MEDICORE USE
12514616,7,7,LOWLEVEL USE
45222079,6,25,MEDICORE USE
25677763,5,25,MEDICORE USE
16170264,1,3,HIGHLEVEL USE
35283568,5,20,HIGHLEVEL USE
71459059,6,25,MEDICORE USE
42279708,5,25,MEDICORE USE
49307114,3,10,HIGHLEVEL USE
82631984,3,14,HIGHLEVEL USE
71886928,5,20,HIGHLEVEL USE
37870873,5,30,MEDICORE USE
33640708,6,28,MEDICORE USE
93138695,4,25,MEDICORE USE
57460055,3,3,LOWLEVEL USE
11396510,7,30,MEDICORE USE
96363885,5,30,MEDICORE USE
45752016,7,30,MEDICORE USE
62030633,5,25,MEDICORE USE
63242498,3,10,HIGHLEVEL USE
58475264,5,28,MEDICORE USE
55146127,7,29,MEDICORE USE
77268820,3,10,HIGHLEVEL USE
57666607,6,29,MEDICORE USE
61720848,1,4,HIGHLEVEL USE
63828433,1,1,LOWLEVEL USE
75761747,6,27,MEDICORE USE
20833280,6,29,MEDICORE USE
86134134,2,20,HIGHLEVEL USE
42171133,7,30,MEDICORE USE
77348058,5,12,HIGHLEVEL USE
81970639,7,30,MEDICORE USE
19468485,7,30,MEDICORE USE
81297609,2,10,HIGHLEVEL USE
58751186,4,30,MEDICORE USE
92666233,5,30,MEDICORE USE
55835404,5,15,HIGHLEVEL USE
71954705,2,6,HIGHLEVEL USE
84610773,3,20,HIGHLEVEL USE
73762899,2,4,HIGHLEVEL USE
12165858,5,28,MEDICORE USE
24012379,7,30,MEDICORE USE
48736010,7,30,MEDICORE USE
94816170,1,1,LOWLEVEL USE
39102443,3,3,LOWLEVEL USE
74548479,7,28,MEDICORE USE
88376966,5,17,HIGHLEVEL USE
41920007,2,12,HIGHLEVEL USE
46259190,1,1,LOWLEVEL USE
60217349,4,20,HIGHLEVEL USE
31229615,4,20,HIGHLEVEL USE
29932399,2,2,LOWLEVEL USE
82525653,5,26,MEDICORE USE
66788680,1,15,HIGHLEVEL USE
14551335,2,10,HIGHLEVEL USE
24537909,6,23,MEDICORE USE
33324093,5,20,HIGHLEVEL USE
34503768,6,23,MEDICORE USE
17515468,7,15,HIGHLEVEL USE
80669067,3,20,HIGHLEVEL USE
25051134,4,4,LOWLEVEL USE
51049038,5,20,HIGHLEVEL USE
47947103,5,15,HIGHLEVEL USE
99117147,7,30,MEDICORE USE
38795666,7,30,MEDICORE USE
59256299,2,5,HIGHLEVEL USE
19784676,5,5,LOWLEVEL USE
54520758,5,30,MEDICORE USE
16315163,4,18,HIGHLEVEL USE
58430285,3,13,HIGHLEVEL USE
17004858,7,30,MEDICORE USE
73166857,2,11,HIGHLEVEL USE
61834043,7,12,HIGHLEVEL USE
31461454,7,30,MEDICORE USE
40526696,3,15,HIGHLEVEL USE
91287474,7,7,LOWLEVEL USE
85818937,3,1,LOWLEVEL USE
64281786,3,9,HIGHLEVEL USE
67863778,3,15,HIGHLEVEL USE
25175290,7,30,MEDICORE USE
57720708,7,30,MEDICORE USE
32100857,4,16,HIGHLEVEL USE
94605757,4,25,MEDICORE USE
40983703,7,30,MEDICORE USE
45738304,1,20,HIGHLEVEL USE
35685923,7,30,MEDICORE USE
12497226,5,28,MEDICORE USE
51953183,6,24,MEDICORE USE
29560115,7,30,MEDICORE USE
17829920,7,30,MEDICORE USE
69206375,5,25,MEDICORE USE
80134434,5,9,HIGHLEVEL USE
66587823,2,10,HIGHLEVEL USE
55065254,7,30,MEDICORE USE
87262598,7,5,LOWLEVEL USE
94551943,5,30,MEDICORE USE
48879948,1,1,LOWLEVEL USE
77091827,3,7,HIGHLEVEL USE
41337440,3,3,LOWLEVEL USE
61570636,7,30,MEDICORE USE
97952019,7,30,MEDICORE USE
19330888,3,15,HIGHLEVEL USE
47776757,4,25,MEDICORE USE
69464359,7,28,MEDICORE USE
77243400,7,30,MEDICORE USE
49626837,7,30,MEDICORE USE
59020725,1,1,LOWLEVEL USE
97016696,7,30,MEDICORE USE
30473027,7,28,MEDICORE USE
90311219,7,25,MEDICORE USE
29669100,7,30,MEDICORE USE
46852850,5,30,MEDICORE USE
88121606,4,3,LOWLEVEL USE
89483630,7,30,MEDICORE USE
50681244,7,25,MEDICORE USE
89503587,7,30,MEDICORE USE
77344428,7,30,MEDICORE USE
62660919,7,30,MEDICORE USE
41979357,5,30,MEDICORE USE
65389927,5,30,MEDICORE USE
15930199,2,15,HIGHLEVEL USE
24274818,5,17,HIGHLEVEL USE
81575049,1,5,HIGHLEVEL USE
39052754,5,30,MEDICORE USE
17635866,3,15,HIGHLEVEL USE
25425609,1,4,HIGHLEVEL USE
53403953,2,14,HIGHLEVEL USE
35750126,7,30,MEDICORE USE
93820639,3,15,HIGHLEVEL USE
45070095,7,30,MEDICORE USE
25345198,7,30,MEDICORE USE
23509997,1,5,HIGHLEVEL USE
14600383,4,18,HIGHLEVEL USE
73661890,1,1,LOWLEVEL USE
96630000,6,25,MEDICORE USE
93118828,5,15,HIGHLEVEL USE
24289438,7,30,MEDICORE USE
36687559,1,1,LOWLEVEL USE
35064363,5,1,LOWLEVEL USE
81078055,2,4,HIGHLEVEL USE
77981183,7,30,MEDICORE USE
71446250,2,5,HIGHLEVEL USE
19398303,7,30,MEDICORE USE
29804650,6,28,MEDICORE USE
13572106,4,15,HIGHLEVEL USE
87509486,4,16,HIGHLEVEL USE
35268143,7,28,MEDICORE USE
86231870,1,1,LOWLEVEL USE
59587893,6,28,MEDICORE USE
34760649,6,30,MEDICORE USE
91401974,7,30,MEDICORE USE
47074337,6,25,MEDICORE USE
42934240,7,30,MEDICORE USE
68186886,7,30,MEDICORE USE
39647938,7,30,MEDICORE USE
45078727,3,15,HIGHLEVEL USE
40751529,5,15,HIGHLEVEL USE
71850613,7,30,MEDICORE USE
31266626,7,30,MEDICORE USE
79992973,5,20,HIGHLEVEL USE
77598398,6,20,HIGHLEVEL USE
40475994,2,10,HIGHLEVEL USE
37096349,6,24,MEDICORE USE
91053555,7,30,MEDICORE USE
79097673,4,14,HIGHLEVEL USE
34599714,7,30,MEDICORE USE
51584469,5,30,MEDICORE USE
63718868,4,20,HIGHLEVEL USE
22165306,4,30,MEDICORE USE
12209678,2,6,HIGHLEVEL USE
77746996,4,22,MEDICORE USE
41238214,4,20,HIGHLEVEL USE
92728400,6,29,MEDICORE USE
78025723,7,30,MEDICORE USE
40288233,3,15,HIGHLEVEL USE
75589484,7,30,MEDICORE USE
75852988,4,25,MEDICORE USE
78479219,3,15,HIGHLEVEL USE
57380554,6,20,HIGHLEVEL USE
21906530,7,30,MEDICORE USE
21313133,6,27,MEDICORE USE
23881925,7,30,MEDICORE USE
43723836,5,5,LOWLEVEL USE
53041155,4,20,HIGHLEVEL USE
57986038,2,5,HIGHLEVEL USE
77781245,6,26,MEDICORE USE
73026140,3,8,HIGHLEVEL USE
91158533,6,30,MEDICORE USE
22430626,2,7,HIGHLEVEL USE
93863718,7,30,MEDICORE USE
13126715,4,1,LOWLEVEL USE
64524167,6,26,MEDICORE USE
76478697,1,2,HIGHLEVEL USE
31345987,3,12,HIGHLEVEL USE
26817353,5,20,HIGHLEVEL USE
61766916,6,27,MEDICORE USE
65809585,7,30,MEDICORE USE
67365609,3,25,MEDICORE USE
61555626,5,25,MEDICORE USE
79384805,7,30,MEDICORE USE
67175920,3,15,HIGHLEVEL USE
85782269,6,28,MEDICORE USE
41354246,4,16,HIGHLEVEL USE
13349178,5,30,MEDICORE USE
63662390,2,8,HIGHLEVEL USE
52613193,5,20,HIGHLEVEL USE
85188023,1,1,LOWLEVEL USE
11705527,5,20,HIGHLEVEL USE
21086960,1,4,HIGHLEVEL USE
65721690,3,3,LOWLEVEL USE
78853066,7,30,MEDICORE USE
53124396,7,30,MEDICORE USE
93687254,7,30,MEDICORE USE
82864214,4,15,HIGHLEVEL USE
54858825,5,25,MEDICORE USE
41161498,7,30,MEDICORE USE
39030059,6,28,MEDICORE USE
76509788,2,3,HIGHLEVEL USE
73285624,1,5,HIGHLEVEL USE
31777519,3,20,HIGHLEVEL USE
23556309,1,1,LOWLEVEL USE
20562986,5,25,MEDICORE USE
25095256,5,20,HIGHLEVEL USE
92698753,2,20,HIGHLEVEL USE
15564440,3,20,HIGHLEVEL USE
60130568,7,30,MEDICORE USE
60954055,7,30,MEDICORE USE
81851566,1,1,LOWLEVEL USE
94333087,6,10,HIGHLEVEL USE
57447898,1,30,MEDICORE USE
59866747,7,30,MEDICORE USE
97656868,7,1,LOWLEVEL USE
60468229,5,20,HIGHLEVEL USE
49028434,5,22,MEDICORE USE
78878289,6,27,MEDICORE USE
77546638,6,28,MEDICORE USE
24104275,7,30,MEDICORE USE
71824233,4,15,HIGHLEVEL USE
33134668,5,23,MEDICORE USE
72541945,2,8,HIGHLEVEL USE
23038690,2,8,HIGHLEVEL USE
77263870,7,20,HIGHLEVEL USE
77946113,2,2,LOWLEVEL USE
19775747,4,1,LOWLEVEL USE
26253230,6,28,MEDICORE USE
88788118,7,30,MEDICORE USE
21771908,5,20,HIGHLEVEL USE
85789048,7,3,LOWLEVEL USE
49817006,7,25,MEDICORE USE
88892144,5,10,HIGHLEVEL USE
21723507,1,4,HIGHLEVEL USE
25983866,1,1,LOWLEVEL USE
50619978,7,30,MEDICORE USE
29785270,7,30,MEDICORE USE
69309099,7,30,MEDICORE USE
80814584,7,30,MEDICORE USE
69194787,5,30,MEDICORE USE
97129354,5,10,HIGHLEVEL USE
65584783,3,5,HIGHLEVEL USE
76872924,6,25,MEDICORE USE
66101379,4,16,HIGHLEVEL USE
49193453,2,8,HIGHLEVEL USE
11103309,5,5,LOWLEVEL USE
60072723,6,25,MEDICORE USE
67380520,7,30,MEDICORE USE
47351523,7,30,MEDICORE USE
35446828,4,13,HIGHLEVEL USE
50569520,3,12,HIGHLEVEL USE
85413239,5,30,MEDICORE USE
35342213,6,26,MEDICORE USE
14367025,6,30,MEDICORE USE
48626183,7,27,MEDICORE USE
94272970,1,3,HIGHLEVEL USE
15429136,1,4,HIGHLEVEL USE
34030887,6,25,MEDICORE USE
82601435,7,30,MEDICORE USE
71114285,5,20,HIGHLEVEL USE
49363285,3,5,HIGHLEVEL USE
71376347,7,30,MEDICORE USE
12416007,3,15,HIGHLEVEL USE
34904704,6,30,MEDICORE USE
89179258,6,25,MEDICORE USE
64786960,6,20,HIGHLEVEL USE
41380434,7,30,MEDICORE USE
51147105,1,30,MEDICORE USE
35340025,1,2,HIGHLEVEL USE
61679400,7,28,MEDICORE USE
43754309,7,10,HIGHLEVEL USE
67736889,7,30,MEDICORE USE
78784728,5,20,HIGHLEVEL USE
97544903,5,25,MEDICORE USE
83975259,5,4,LOWLEVEL USE
74381446,7,30,MEDICORE USE
10766177,2,2,LOWLEVEL USE
63932284,7,30,MEDICORE USE
16281073,7,30,MEDICORE USE
34393053,3,16,HIGHLEVEL USE
29824574,7,30,MEDICORE USE
74274064,7,30,MEDICORE USE
73950036,3,15,HIGHLEVEL USE
89272237,7,30,MEDICORE USE
58316670,4,22,MEDICORE USE
88747617,5,25,MEDICORE USE
13826566,6,23,MEDICORE USE
87881353,7,5,LOWLEVEL USE
98717470,3,5,HIGHLEVEL USE
37503639,7,7,LOWLEVEL USE
61008374,3,12,HIGHLEVEL USE
97089725,5,25,MEDICORE USE
35846968,2,30,MEDICORE USE
60456113,1,3,HIGHLEVEL USE
82427077,1,1,LOWLEVEL USE
29690777,5,18,HIGHLEVEL USE
62816794,2,9,HIGHLEVEL USE
82849920,5,30,MEDICORE USE
30065695,7,25,MEDICORE USE
40562538,2,10,HIGHLEVEL USE
78428485,6,14,HIGHLEVEL USE
76128717,7,30,MEDICORE USE
86378165,7,30,MEDICORE USE
36811535,7,30,MEDICORE USE
63342737,5,5,LOWLEVEL USE
65463097,7,30,MEDICORE USE
41748083,6,30,MEDICORE USE
69592753,3,20,HIGHLEVEL USE
73005379,4,10,HIGHLEVEL USE
36961996,5,5,LOWLEVEL USE
44274059,3,20,HIGHLEVEL USE
67473374,7,5,LOWLEVEL USE
52042155,7,26,MEDICORE USE
81677784,4,5,HIGHLEVEL USE
13221458,3,15,HIGHLEVEL USE
64147566,6,28,MEDICORE USE
41597716,7,29,MEDICORE USE
37072055,7,30,MEDICORE USE
17229363,1,30,MEDICORE USE
39028665,3,14,HIGHLEVEL USE
62379637,7,30,MEDICORE USE
21338015,3,12,HIGHLEVEL USE
33185158,1,11,HIGHLEVEL USE
93378699,6,1,LOWLEVEL USE
63686928,3,12,HIGHLEVEL USE
57987774,7,30,MEDICORE USE
60326169,7,30,MEDICORE USE
51277395,7,30,MEDICORE USE
89004744,1,5,HIGHLEVEL USE
14668400,6,29,MEDICORE USE
80754216,1,30,MEDICORE USE
50255807,1,4,HIGHLEVEL USE
14823765,6,25,MEDICORE USE
75070873,5,5,LOWLEVEL USE
13803437,4,28,MEDICORE USE
50355128,5,24,MEDICORE USE
99197870,7,30,MEDICORE USE
29911810,1,4,HIGHLEVEL USE
49720279,6,30,MEDICORE USE
54976390,1,1,LOWLEVEL USE
51168050,1,9,HIGHLEVEL USE
10498915,3,12,HIGHLEVEL USE
24741858,2,10,HIGHLEVEL USE
84038483,1,1,LOWLEVEL USE
25531389,5,15,HIGHLEVEL USE
66577036,7,30,MEDICORE USE
43494043,7,30,MEDICORE USE
64532865,7,30,MEDICORE USE
41991326,5,18,HIGHLEVEL USE
31219517,7,30,MEDICORE USE
89317175,6,25,MEDICORE USE
23880614,4,20,HIGHLEVEL USE
43530847,7,20,HIGHLEVEL USE
91738886,4,2,LOWLEVEL USE
27378513,2,10,HIGHLEVEL USE
36214088,5,16,HIGHLEVEL USE
49743558,1,2,HIGHLEVEL USE
39170965,7,30,MEDICORE USE
93372527,3,10,HIGHLEVEL USE
13676298,7,30,MEDICORE USE
95214819,5,28,MEDICORE USE
71308706,2,17,HIGHLEVEL USE
96181917,7,30,MEDICORE USE
56871199,6,25,MEDICORE USE
87164229,7,15,HIGHLEVEL USE
95409384,6,26,MEDICORE USE
92870738,4,12,HIGHLEVEL USE
33284205,7,20,HIGHLEVEL USE
81862277,1,5,HIGHLEVEL USE
93868626,7,30,MEDICORE USE
33258145,7,30,MEDICORE USE
84085846,3,22,MEDICORE USE
11227767,2,10,HIGHLEVEL USE
15807694,1,3,HIGHLEVEL USE
18600390,7,30,MEDICORE USE
75934598,7,25,MEDICORE USE
75466223,3,17,HIGHLEVEL USE
36709490,7,2,LOWLEVEL USE
63152549,7,29,MEDICORE USE
56522624,7,30,MEDICORE USE
23043366,6,20,HIGHLEVEL USE
92658280,7,27,MEDICORE USE
72078663,3,20,HIGHLEVEL USE
59523938,7,30,MEDICORE USE
17470403,7,30,MEDICORE USE
73014195,5,20,HIGHLEVEL USE
53751396,3,14,HIGHLEVEL USE
33131108,7,27,MEDICORE USE
91199246,5,20,HIGHLEVEL USE
48782946,3,15,HIGHLEVEL USE
47647685,5,20,HIGHLEVEL USE
49647429,7,30,MEDICORE USE
32131439,7,20,HIGHLEVEL USE
51746126,7,30,MEDICORE USE
19314270,5,15,HIGHLEVEL USE
17094468,7,30,MEDICORE USE
26245909,7,30,MEDICORE USE
57465374,7,30,MEDICORE USE
17299498,1,4,HIGHLEVEL USE
14318799,6,28,MEDICORE USE
82587905,6,28,MEDICORE USE
87620817,2,3,HIGHLEVEL USE
83485307,7,7,LOWLEVEL USE
18446568,2,2,LOWLEVEL USE
89008638,6,25,MEDICORE USE
89752454,3,20,HIGHLEVEL USE
61613046,2,15,HIGHLEVEL USE
61610393,1,7,HIGHLEVEL USE
36073074,5,27,MEDICORE USE
93922987,7,30,MEDICORE USE
95576194,4,26,MEDICORE USE
85879039,7,27,MEDICORE USE
41887188,3,2,LOWLEVEL USE
78064639,7,30,MEDICORE USE
43877428,3,12,HIGHLEVEL USE
17910270,1,5,HIGHLEVEL USE
81111016,3,23,MEDICORE USE
62320717,4,14,HIGHLEVEL USE
63839158,4,17,HIGHLEVEL USE
99908780,6,25,MEDICORE USE
97899693,5,3,LOWLEVEL USE
83029667,6,25,MEDICORE USE
33388037,6,30,MEDICORE USE
59259400,1,1,LOWLEVEL USE
74563677,2,1,LOWLEVEL USE
37359835,7,27,MEDICORE USE
63190640,5,27,MEDICORE USE
73202554,7,30,MEDICORE USE
47489295,4,20,HIGHLEVEL USE
85720054,4,20,HIGHLEVEL USE
59438770,3,20,HIGHLEVEL USE
56589058,7,30,MEDICORE USE
47852647,1,15,HIGHLEVEL USE
41202413,3,3,LOWLEVEL USE
54412136,7,30,MEDICORE USE
21231613,3,3,LOWLEVEL USE
51357363,2,2,LOWLEVEL USE
79417490,2,8,HIGHLEVEL USE
27062655,5,2,LOWLEVEL USE
32331060,5,13,HIGHLEVEL USE
40539788,7,3,LOWLEVEL USE
39628964,3,10,HIGHLEVEL USE
87267043,2,25,MEDICORE USE
36770807,3,15,HIGHLEVEL USE
41509837,3,10,HIGHLEVEL USE
34361160,7,30,MEDICORE USE
71221317,6,15,HIGHLEVEL USE
45440048,6,5,LOWLEVEL USE
29414637,7,29,MEDICORE USE
12302978,7,28,MEDICORE USE
56716108,5,25,MEDICORE USE
16786545,4,7,HIGHLEVEL USE
85146990,3,15,HIGHLEVEL USE
78120589,5,15,HIGHLEVEL USE
51901269,5,29,MEDICORE USE
63808195,3,30,MEDICORE USE
55933140,3,12,HIGHLEVEL USE
90544143,6,28,MEDICORE USE
25548010,4,4,LOWLEVEL USE
29184175,3,30,MEDICORE USE
10025275,5,20,HIGHLEVEL USE
29617499,2,10,HIGHLEVEL USE
12322070,4,20,HIGHLEVEL USE
43358309,7,7,LOWLEVEL USE
59631914,7,30,MEDICORE USE
44841075,2,4,HIGHLEVEL USE
86942578,7,30,MEDICORE USE
21422745,3,5,HIGHLEVEL USE
81265056,1,4,HIGHLEVEL USE
69138729,4,15,HIGHLEVEL USE
87527683,3,30,MEDICORE USE
89179197,1,1,LOWLEVEL USE
25968870,3,10,HIGHLEVEL USE
89917167,3,1,LOWLEVEL USE
41341833,3,14,HIGHLEVEL USE
14753173,1,15,HIGHLEVEL USE
42381140,1,1,LOWLEVEL USE
15374737,7,30,MEDICORE USE
47775598,7,30,MEDICORE USE
76959677,4,3,LOWLEVEL USE
79713127,1,2,HIGHLEVEL USE
19260828,7,30,MEDICORE USE
73327718,7,30,MEDICORE USE
32619623,6,26,MEDICORE USE
13199839,6,7,HIGHLEVEL USE
19882667,5,20,HIGHLEVEL USE
64220009,3,13,HIGHLEVEL USE
93201559,5,25,MEDICORE USE
55690553,3,12,HIGHLEVEL USE
28631240,1,1,LOWLEVEL USE
76025936,7,25,MEDICORE USE
72031326,5,20,HIGHLEVEL USE
15735763,5,24,MEDICORE USE
65599308,1,9,HIGHLEVEL USE
33361576,6,30,MEDICORE USE
97264530,3,21,MEDICORE USE
26731410,5,20,HIGHLEVEL USE
16192148,6,25,MEDICORE USE
79933100,2,4,HIGHLEVEL USE
91169423,7,30,MEDICORE USE
26283840,7,30,MEDICORE USE
79365627,7,30,MEDICORE USE
46369595,7,20,HIGHLEVEL USE
12131868,7,30,MEDICORE USE
50985226,3,3,LOWLEVEL USE
37967484,3,10,HIGHLEVEL USE
29241354,1,20,HIGHLEVEL USE
83836645,7,30,MEDICORE USE
84619580,1,1,LOWLEVEL USE
96830887,7,30,MEDICORE USE
17324204,5,30,MEDICORE USE
87584589,7,25,MEDICORE USE
99023780,6,28,MEDICORE USE
94301708,3,17,HIGHLEVEL USE
35017584,5,25,MEDICORE USE
51806998,2,12,HIGHLEVEL USE
74782873,6,28,MEDICORE USE
47602984,1,28,MEDICORE USE
11224269,7,7,LOWLEVEL USE
34818787,1,4,HIGHLEVEL USE
23918179,7,30,MEDICORE USE
29246993,6,30,MEDICORE USE
16646389,7,30,MEDICORE USE
70494073,1,5,HIGHLEVEL USE
86909244,2,6,HIGHLEVEL USE
58611624,5,25,MEDICORE USE
65775184,7,30,MEDICORE USE
77394607,4,20,HIGHLEVEL USE
83410637,7,10,HIGHLEVEL USE
30394870,5,25,MEDICORE USE
59176783,2,15,HIGHLEVEL USE
65752610,5,5,LOWLEVEL USE
19365425,5,21,MEDICORE USE
28491684,2,15,HIGHLEVEL USE
47417170,7,20,HIGHLEVEL USE
41700888,7,30,MEDICORE USE
39767827,4,20,HIGHLEVEL USE
17159384,7,7,LOWLEVEL USE
40067477,2,1,LOWLEVEL USE
47429814,2,10,HIGHLEVEL USE
77708966,5,22,MEDICORE USE
79412587,1,7,HIGHLEVEL USE
51176098,1,5,HIGHLEVEL USE
22561636,1,1,LOWLEVEL USE
43314626,7,30,MEDICORE USE
21281990,4,20,HIGHLEVEL USE
53202737,1,5,HIGHLEVEL USE
21654424,6,6,LOWLEVEL USE
71427073,3,1,LOWLEVEL USE
26747529,2,15,HIGHLEVEL USE
21228380,7,30,MEDICORE USE
96516878,6,6,LOWLEVEL USE
21027103,3,30,MEDICORE USE
62269054,1,3,HIGHLEVEL USE
85269977,4,14,HIGHLEVEL USE
32106326,6,15,HIGHLEVEL USE
55754474,7,30,MEDICORE USE
13621040,5,20,HIGHLEVEL USE
51840086,2,4,HIGHLEVEL USE
79366528,5,20,HIGHLEVEL USE
50280845,7,30,MEDICORE USE
84928998,5,6,HIGHLEVEL USE
79785256,3,20,HIGHLEVEL USE
15020736,6,28,MEDICORE USE
29069368,3,25,MEDICORE USE
44157353,7,27,MEDICORE USE
85579007,3,20,HIGHLEVEL USE
84508624,6,3,LOWLEVEL USE
47757136,4,24,MEDICORE USE
65848236,5,27,MEDICORE USE
63690025,6,26,MEDICORE USE
23876150,2,4,HIGHLEVEL USE
86229146,7,30,MEDICORE USE
34811045,4,16,HIGHLEVEL USE
95861865,7,30,MEDICORE USE
74088859,6,25,MEDICORE USE
49870693,3,12,HIGHLEVEL USE
81732728,7,30,MEDICORE USE
83593925,7,30,MEDICORE USE
63157325,2,10,HIGHLEVEL USE
85955080,5,25,MEDICORE USE
31678675,5,20,HIGHLEVEL USE
53710853,5,20,HIGHLEVEL USE
11680598,1,2,HIGHLEVEL USE
28537907,5,15,HIGHLEVEL USE
71387464,6,26,MEDICORE USE
76295797,7,30,MEDICORE USE
73773053,7,30,MEDICORE USE
86176379,2,1,LOWLEVEL USE
43987988,6,7,HIGHLEVEL USE
84735405,6,30,MEDICORE USE
87630289,1,4,HIGHLEVEL USE
79804990,3,5,HIGHLEVEL USE
81457079,3,14,HIGHLEVEL USE
50437209,1,10,HIGHLEVEL USE
17256667,4,3,LOWLEVEL USE
65851489,1,10,HIGHLEVEL USE
54644084,7,30,MEDICORE USE
73486608,4,20,HIGHLEVEL USE
88470836,5,30,MEDICORE USE
79585417,7,30,MEDICORE USE
33350100,3,3,LOWLEVEL USE
42237375,5,25,MEDICORE USE
64255344,3,30,MEDICORE USE
83867037,4,20,HIGHLEVEL USE
79791366,5,27,MEDICORE USE
12791987,7,30,MEDICORE USE
46563426,4,20,HIGHLEVEL USE
29001383,4,14,HIGHLEVEL USE
21766209,5,10,HIGHLEVEL USE
18361776,4,27,MEDICORE USE
61637009,4,16,HIGHLEVEL USE
10346270,5,14,HIGHLEVEL USE
78921688,3,1,LOWLEVEL USE
74859504,5,25,MEDICORE USE
27884733,7,30,MEDICORE USE
51261945,3,4,HIGHLEVEL USE
48646195,7,15,HIGHLEVEL USE
77473736,3,12,HIGHLEVEL USE
41493006,7,30,MEDICORE USE
13153119,4,17,HIGHLEVEL USE
91522184,3,2,LOWLEVEL USE
73434474,7,30,MEDICORE USE
63829324,1,5,HIGHLEVEL USE
73193705,5,25,MEDICORE USE
35715326,7,30,MEDICORE USE
55933857,3,30,MEDICORE USE
39721108,4,20,HIGHLEVEL USE
81667884,2,8,HIGHLEVEL USE
60153555,1,1,LOWLEVEL USE
38698986,4,9,HIGHLEVEL USE
93650397,4,18,HIGHLEVEL USE
93006057,6,28,MEDICORE USE
65384454,7,25,MEDICORE USE
23145015,7,28,MEDICORE USE
98487766,7,30,MEDICORE USE
72346689,2,8,HIGHLEVEL USE
67743747,1,1,LOWLEVEL USE
70847536,1,12,HIGHLEVEL USE
49830956,7,2,LOWLEVEL USE
51332688,2,12,HIGHLEVEL USE
69158473,7,30,MEDICORE USE
24329345,7,5,LOWLEVEL USE
78903854,7,30,MEDICORE USE
23772945,7,30,MEDICORE USE
37767296,7,30,MEDICORE USE
11489274,6,25,MEDICORE USE
51693539,5,5,LOWLEVEL USE
76611173,7,30,MEDICORE USE
90319055,7,30,MEDICORE USE
27140817,2,30,MEDICORE USE
17392378,6,28,MEDICORE USE
66728984,3,20,HIGHLEVEL USE
95680855,4,4,LOWLEVEL USE
65040908,7,30,MEDICORE USE
40841949,1,30,MEDICORE USE
61926104,4,4,LOWLEVEL USE
47453328,7,30,MEDICORE USE
51444237,7,20,HIGHLEVEL USE
15783773,7,30,MEDICORE USE
97267623,7,4,LOWLEVEL USE
71642680,2,8,HIGHLEVEL USE
93197798,7,25,MEDICORE USE
77150816,5,27,MEDICORE USE
29072290,3,15,HIGHLEVEL USE
28410748,2,7,HIGHLEVEL USE
90541856,2,23,MEDICORE USE
53957080,1,30,MEDICORE USE
31083240,7,30,MEDICORE USE
92268267,6,20,HIGHLEVEL USE
27417953,7,30,MEDICORE USE
11965746,3,15,HIGHLEVEL USE
65398210,5,25,MEDICORE USE
50537666,1,4,HIGHLEVEL USE
56698350,5,30,MEDICORE USE
27269320,6,23,MEDICORE USE
80918043,5,8,HIGHLEVEL USE
91213015,7,30,MEDICORE USE
73321070,2,10,HIGHLEVEL USE
23545933,5,20,HIGHLEVEL USE
89768916,6,26,MEDICORE USE
51280835,7,30,MEDICORE USE
33207075,7,30,MEDICORE USE
67426514,5,5,LOWLEVEL USE
10343625,1,1,LOWLEVEL USE
75301038,2,20,HIGHLEVEL USE
13383219,3,30,MEDICORE USE
23884773,6,29,MEDICORE USE
87451300,7,30,MEDICORE USE
32007420,4,15,HIGHLEVEL USE
99920853,6,6,LOWLEVEL USE
42294290,6,29,MEDICORE USE
25693245,1,3,HIGHLEVEL USE
27336136,2,4,HIGHLEVEL USE
93621715,3,10,HIGHLEVEL USE
71635949,2,10,HIGHLEVEL USE
37221734,7,30,MEDICORE USE
29909474,7,23,MEDICORE USE
28569507,2,10,HIGHLEVEL USE
15268105,5,20,HIGHLEVEL USE
67630090,5,25,MEDICORE USE
57054749,3,20,HIGHLEVEL USE
83946134,5,11,HIGHLEVEL USE
78117539,7,30,MEDICORE USE
59006253,5,20,HIGHLEVEL USE
69508310,1,30,MEDICORE USE
60838829,2,8,HIGHLEVEL USE
69857475,1,1,LOWLEVEL USE
23346349,1,30,MEDICORE USE
15297278,7,20,HIGHLEVEL USE
66589426,4,2,LOWLEVEL USE
66833126,7,30,MEDICORE USE
46267067,7,30,MEDICORE USE
19777459,7,30,MEDICORE USE
59066445,7,30,MEDICORE USE
92638339,7,30,MEDICORE USE
54932099,7,21,MEDICORE USE
99731353,2,15,HIGHLEVEL USE
68854240,6,24,MEDICORE USE
69369503,2,5,HIGHLEVEL USE
53177516,7,3,LOWLEVEL USE
89509268,7,30,MEDICORE USE
37147040,7,23,MEDICORE USE
76279947,7,15,HIGHLEVEL USE
44496075,6,1,LOWLEVEL USE
55706483,1,4,HIGHLEVEL USE
39081676,4,15,HIGHLEVEL USE
37491345,2,8,HIGHLEVEL USE
59357439,7,30,MEDICORE USE
39265449,7,28,MEDICORE USE
63909018,5,20,HIGHLEVEL USE
62039327,7,30,MEDICORE USE
82942749,3,20,HIGHLEVEL USE
85596183,5,30,MEDICORE USE
28659164,3,5,HIGHLEVEL USE
79941430,2,12,HIGHLEVEL USE
17554426,7,30,MEDICORE USE
69484989,7,30,MEDICORE USE
96418769,4,20,HIGHLEVEL USE
67168260,7,6,LOWLEVEL USE
69663448,6,28,MEDICORE USE
50710487,3,25,MEDICORE USE
31238770,7,30,MEDICORE USE
87205895,6,30,MEDICORE USE
43515427,2,10,HIGHLEVEL USE
99478049,4,20,HIGHLEVEL USE
73946945,2,4,HIGHLEVEL USE
27876385,5,20,HIGHLEVEL USE
73620805,7,30,MEDICORE USE
87668116,3,12,HIGHLEVEL USE
73855058,7,30,MEDICORE USE
43299867,7,30,MEDICORE USE
58090988,7,30,MEDICORE USE
95818956,6,30,MEDICORE USE
73086733,5,30,MEDICORE USE
21668497,7,30,MEDICORE USE
22042805,4,5,HIGHLEVEL USE
55639054,4,1,LOWLEVEL USE
61031237,7,30,MEDICORE USE
23838998,5,20,HIGHLEVEL USE
65825443,3,3,LOWLEVEL USE
61050693,4,21,MEDICORE USE
54679499,7,30,MEDICORE USE
29845288,6,29,MEDICORE USE
91892798,6,24,MEDICORE USE
23758910,1,4,HIGHLEVEL USE
77906966,7,30,MEDICORE USE
65426977,7,30,MEDICORE USE
32810490,5,5,LOWLEVEL USE
35137449,7,30,MEDICORE USE
71639768,3,1,LOWLEVEL USE
21914370,3,30,MEDICORE USE
65180480,1,13,HIGHLEVEL USE
49727799,7,30,MEDICORE USE
10195244,5,25,MEDICORE USE
23505758,1,1,LOWLEVEL USE
76108719,6,28,MEDICORE USE
70912937,3,4,HIGHLEVEL USE
34514016,6,28,MEDICORE USE
29371695,5,17,HIGHLEVEL USE
19121328,7,30,MEDICORE USE
71144965,6,30,MEDICORE USE
67448544,5,27,MEDICORE USE
80107285,1,2,HIGHLEVEL USE
71634964,7,30,MEDICORE USE
31517333,5,20,HIGHLEVEL USE
21271019,6,27,MEDICORE USE
87942898,7,30,MEDICORE USE
59244159,6,29,MEDICORE USE
63310987,7,20,HIGHLEVEL USE
96721760,7,30,MEDICORE USE
35155523,7,28,MEDICORE USE
20889620,3,3,LOWLEVEL USE
19496426,2,21,MEDICORE USE
23151545,7,30,MEDICORE USE
95908230,2,2,LOWLEVEL USE
41299199,4,25,MEDICORE USE
77007786,4,7,HIGHLEVEL USE
18080776,1,1,LOWLEVEL USE
43359940,5,26,MEDICORE USE
61561185,7,25,MEDICORE USE
96252839,5,29,MEDICORE USE
80132910,7,30,MEDICORE USE
29830918,7,30,MEDICORE USE
19591659,7,30,MEDICORE USE
78803779,3,30,MEDICORE USE
74231683,2,6,HIGHLEVEL USE
33166616,1,5,HIGHLEVEL USE
75603536,3,10,HIGHLEVEL USE
77963060,4,16,HIGHLEVEL USE
47848150,3,20,HIGHLEVEL USE
34253967,7,30,MEDICORE USE
65292313,2,8,HIGHLEVEL USE
49857724,4,20,HIGHLEVEL USE
62579127,2,15,HIGHLEVEL USE
97797043,7,30,MEDICORE USE
32452057,5,25,MEDICORE USE
61626605,7,30,MEDICORE USE
34191343,7,30,MEDICORE USE
70095616,6,26,MEDICORE USE
57116224,6,30,MEDICORE USE
71936089,7,5,LOWLEVEL USE
56405588,6,27,MEDICORE USE
93713168,1,2,HIGHLEVEL USE
95215946,2,16,HIGHLEVEL USE
61304000,6,25,MEDICORE USE
57939373,5,25,MEDICORE USE
65055745,2,8,HIGHLEVEL USE
89868708,7,3,LOWLEVEL USE
53382950,4,20,HIGHLEVEL USE
11675770,6,25,MEDICORE USE
95190687,1,15,HIGHLEVEL USE
28701728,1,3,HIGHLEVEL USE
19898575,1,1,LOWLEVEL USE
65086430,6,25,MEDICORE USE
91212327,6,10,HIGHLEVEL USE
75939289,5,28,MEDICORE USE
83865374,4,7,HIGHLEVEL USE
31788433,7,30,MEDICORE USE
71961197,3,6,HIGHLEVEL USE
23185163,2,8,HIGHLEVEL USE
59329248,7,30,MEDICORE USE
65643805,7,30,MEDICORE USE
14694886,7,30,MEDICORE USE
67975125,7,7,LOWLEVEL USE
89059798,7,30,MEDICORE USE
44296835,5,20,HIGHLEVEL USE
57097773,7,30,MEDICORE USE
39674620,2,2,LOWLEVEL USE
63253454,1,4,HIGHLEVEL USE
41026335,5,25,MEDICORE USE
29129348,4,26,MEDICORE USE
76858386,2,7,HIGHLEVEL USE
50943797,7,5,LOWLEVEL USE
33474969,7,30,MEDICORE USE
43732459,3,30,MEDICORE USE
83037035,3,5,HIGHLEVEL USE
99996198,7,30,MEDICORE USE
45095888,7,30,MEDICORE USE
79426744,6,25,MEDICORE USE
67167048,5,12,HIGHLEVEL USE
79196338,2,7,HIGHLEVEL USE
25679724,7,30,MEDICORE USE
83629749,1,10,HIGHLEVEL USE
37218369,7,26,MEDICORE USE
22102475,4,4,LOWLEVEL USE
97650668,7,30,MEDICORE USE
53082438,7,30,MEDICORE USE
66386358,2,9,HIGHLEVEL USE
84526487,3,10,HIGHLEVEL USE
70331953,7,30,MEDICORE USE
87502197,6,2,LOWLEVEL USE
39691437,2,6,HIGHLEVEL USE
32269597,7,30,MEDICORE USE
55295590,7,7,LOWLEVEL USE
22981355,7,30,MEDICORE USE
73975297,1,1,LOWLEVEL USE
29091874,2,5,HIGHLEVEL USE
16466637,7,6,LOWLEVEL USE
37378409,7,30,MEDICORE USE
83724807,5,20,HIGHLEVEL USE
17347516,6,24,MEDICORE USE
29339440,2,4,HIGHLEVEL USE
69902675,4,25,MEDICORE USE
55703248,4,20,HIGHLEVEL USE
60785468,7,30,MEDICORE USE
63508733,6,27,MEDICORE USE
20726308,7,30,MEDICORE USE
93481494,2,7,HIGHLEVEL USE
74636773,6,27,MEDICORE USE
42891944,5,5,LOWLEVEL USE
13337454,7,30,MEDICORE USE
59231695,7,30,MEDICORE USE
63734820,7,30,MEDICORE USE
83335167,5,22,MEDICORE USE
21017359,7,30,MEDICORE USE
91969476,1,1,LOWLEVEL USE
11254794,4,20,HIGHLEVEL USE
41834623,5,25,MEDICORE USE
65619607,6,28,MEDICORE USE
28633495,5,30,MEDICORE USE
17393448,7,20,HIGHLEVEL USE
23794909,3,10,HIGHLEVEL USE
27283109,7,30,MEDICORE USE
74144563,7,30,MEDICORE USE
69428757,4,10,HIGHLEVEL USE
55037416,6,27,MEDICORE USE
21549700,3,15,HIGHLEVEL USE
25770469,1,4,HIGHLEVEL USE
11513825,2,1,LOWLEVEL USE
38987255,3,30,MEDICORE USE
71104667,7,30,MEDICORE USE
64476944,3,3,LOWLEVEL USE
69110980,6,24,MEDICORE USE
23175715,2,15,HIGHLEVEL USE
41635176,2,15,HIGHLEVEL USE
35238764,7,30,MEDICORE USE
10867633,2,10,HIGHLEVEL USE
47354016,5,30,MEDICORE USE
80914135,4,15,HIGHLEVEL USE
87241369,7,30,MEDICORE USE
85612738,7,30,MEDICORE USE
72822516,7,30,MEDICORE USE
15991796,7,30,MEDICORE USE
67608839,4,15,HIGHLEVEL USE
66196617,6,28,MEDICORE USE
16446314,3,12,HIGHLEVEL USE
31995630,3,7,HIGHLEVEL USE
61158797,3,20,HIGHLEVEL USE
74971057,5,5,LOWLEVEL USE
28277060,5,27,MEDICORE USE
69278579,3,25,MEDICORE USE
72419619,5,5,LOWLEVEL USE
34395425,4,20,HIGHLEVEL USE
67625165,5,27,MEDICORE USE
97355714,1,12,HIGHLEVEL USE
22558337,6,30,MEDICORE USE
64845304,5,14,HIGHLEVEL USE
33993659,2,15,HIGHLEVEL USE
56731316,4,28,MEDICORE USE
66033173,4,25,MEDICORE USE
39350857,1,1,LOWLEVEL USE
43265235,7,30,MEDICORE USE
17271328,2,12,HIGHLEVEL USE
23498805,7,15,HIGHLEVEL USE
79932403,7,30,MEDICORE USE
73562838,2,15,HIGHLEVEL USE
26226920,7,30,MEDICORE USE
94206230,3,17,HIGHLEVEL USE
12070704,1,4,HIGHLEVEL USE
82718765,7,30,MEDICORE USE
51434540,3,30,MEDICORE USE
21141150,5,26,MEDICORE USE
70514665,4,20,HIGHLEVEL USE
25906774,5,5,LOWLEVEL USE
15401463,5,15,HIGHLEVEL USE
25166097,7,30,MEDICORE USE
55024155,2,5,HIGHLEVEL USE
73283719,7,30,MEDICORE USE
24658473,7,7,LOWLEVEL USE
82930148,5,24,MEDICORE USE
42895744,7,30,MEDICORE USE
23416569,1,5,HIGHLEVEL USE
97894469,7,29,MEDICORE USE
70458409,6,28,MEDICORE USE
91441234,7,20,HIGHLEVEL USE
95696588,6,26,MEDICORE USE
18783540,7,30,MEDICORE USE
41111979,2,2,LOWLEVEL USE
95783476,1,1,LOWLEVEL USE
65904987,2,8,HIGHLEVEL USE
79912914,1,10,HIGHLEVEL USE
78103283,3,24,MEDICORE USE
77201707,7,30,MEDICORE USE
25051167,2,2,LOWLEVEL USE
49000195,7,30,MEDICORE USE
30483584,3,13,HIGHLEVEL USE
56229650,2,3,HIGHLEVEL USE
22667478,5,20,HIGHLEVEL USE
17887208,6,24,MEDICORE USE
71229988,3,12,HIGHLEVEL USE
47729440,3,2,LOWLEVEL USE
16361956,7,30,MEDICORE USE
73533520,4,15,HIGHLEVEL USE
42174853,6,24,MEDICORE USE
61400267,4,3,LOWLEVEL USE
61970347,2,15,HIGHLEVEL USE
83978366,3,30,MEDICORE USE
93603504,7,25,MEDICORE USE
63672479,6,27,MEDICORE USE
15433299,7,30,MEDICORE USE
75950106,1,4,HIGHLEVEL USE
17330337,5,25,MEDICORE USE
40081459,5,22,MEDICORE USE
65807080,1,3,HIGHLEVEL USE
53818810,7,20,HIGHLEVEL USE
75706285,7,30,MEDICORE USE
31769646,7,30,MEDICORE USE
43270769,4,9,HIGHLEVEL USE
62107900,5,20,HIGHLEVEL USE
21089308,4,8,HIGHLEVEL USE
27726913,6,28,MEDICORE USE
51661368,1,10,HIGHLEVEL USE
57394720,1,1,LOWLEVEL USE
58779750,6,6,LOWLEVEL USE
12450983,1,14,HIGHLEVEL USE
81676840,4,23,MEDICORE USE
90916997,4,3,LOWLEVEL USE
25152038,1,4,HIGHLEVEL USE
59868906,7,30,MEDICORE USE
50536587,6,29,MEDICORE USE
94095959,6,28,MEDICORE USE
96067733,5,30,MEDICORE USE
51518827,7,30,MEDICORE USE
14506154,6,20,HIGHLEVEL USE
11475984,3,11,HIGHLEVEL USE
67264020,1,5,HIGHLEVEL USE
31937254,3,13,HIGHLEVEL USE
97082733,5,1,LOWLEVEL USE
20471590,6,20,HIGHLEVEL USE
99343584,7,25,MEDICORE USE
97290280,7,30,MEDICORE USE
13237029,5,25,MEDICORE USE
13598927,7,30,MEDICORE USE
71143729,2,2,LOWLEVEL USE
76518924,2,7,HIGHLEVEL USE
89536940,7,25,MEDICORE USE
95354300,7,30,MEDICORE USE
65960605,1,4,HIGHLEVEL USE
73507724,6,20,HIGHLEVEL USE
94169803,1,10,HIGHLEVEL USE
57210684,5,25,MEDICORE USE
15434307,1,1,LOWLEVEL USE
37683739,1,4,HIGHLEVEL USE
62724077,7,30,MEDICORE USE
96810238,2,12,HIGHLEVEL USE
56642843,5,25,MEDICORE USE
67758036,4,30,MEDICORE USE
26757825,6,25,MEDICORE USE
17791819,4,7,HIGHLEVEL USE
59577177,7,30,MEDICORE USE
35044577,3,20,HIGHLEVEL USE
75720110,6,29,MEDICORE USE
89164803,7,30,MEDICORE USE
29708989,7,30,MEDICORE USE
24350256,5,24,MEDICORE USE
46081093,2,1,LOWLEVEL USE
97777974,6,25,MEDICORE USE
38431670,3,15,HIGHLEVEL USE
21118264,7,29,MEDICORE USE
89413666,3,15,HIGHLEVEL USE
81940685,7,30,MEDICORE USE
91868887,7,20,HIGHLEVEL USE
53016288,4,15,HIGHLEVEL USE
53926688,7,30,MEDICORE USE
64566317,3,30,MEDICORE USE
29540546,3,10,HIGHLEVEL USE
91728439,7,1,LOWLEVEL USE
31958454,7,30,MEDICORE USE
87337050,4,15,HIGHLEVEL USE
39896127,5,6,HIGHLEVEL USE
21999389,6,30,MEDICORE USE
31684596,1,10,HIGHLEVEL USE
32227936,6,29,MEDICORE USE
10528723,7,30,MEDICORE USE
44682996,4,20,HIGHLEVEL USE
81735534,4,25,MEDICORE USE
24808156,6,28,MEDICORE USE
75158804,4,20,HIGHLEVEL USE
26529390,7,15,HIGHLEVEL USE
36372889,7,30,MEDICORE USE
73791784,7,29,MEDICORE USE
24498258,5,25,MEDICORE USE
55611130,5,22,MEDICORE USE
45101916,7,30,MEDICORE USE
77163319,6,25,MEDICORE USE
37373143,7,7,LOWLEVEL USE
54095096,5,25,MEDICORE USE
32659105,5,9,HIGHLEVEL USE
81665804,7,30,MEDICORE USE
45696460,3,3,LOWLEVEL USE
70179639,1,8,HIGHLEVEL USE
48507236,6,28,MEDICORE USE
69104828,3,30,MEDICORE USE
57522497,6,25,MEDICORE USE
58898476,7,28,MEDICORE USE
29499774,7,30,MEDICORE USE
96914580,2,5,HIGHLEVEL USE
45107428,7,30,MEDICORE USE
45708820,2,2,LOWLEVEL USE
31908157,7,7,LOWLEVEL USE
79946348,2,4,HIGHLEVEL USE
98258213,4,5,HIGHLEVEL USE
10429327,5,20,HIGHLEVEL USE
18083124,7,30,MEDICORE USE
69786958,4,25,MEDICORE USE
62328605,6,25,MEDICORE USE
11860310,6,7,HIGHLEVEL USE
17097706,5,25,MEDICORE USE
25677126,7,30,MEDICORE USE
47904854,5,25,MEDICORE USE
69738849,2,30,MEDICORE USE
74935296,7,7,LOWLEVEL USE
39192868,1,8,HIGHLEVEL USE
62110267,3,20,HIGHLEVEL USE
61438057,2,4,HIGHLEVEL USE
58970829,5,24,MEDICORE USE
88269264,7,28,MEDICORE USE
43969456,3,12,HIGHLEVEL USE
51079460,6,29,MEDICORE USE
43524634,1,1,LOWLEVEL USE
14496013,7,30,MEDICORE USE
62948614,1,1,LOWLEVEL USE
85507266,7,30,MEDICORE USE
79759940,4,15,HIGHLEVEL USE
95272456,7,30,MEDICORE USE
50310366,6,27,MEDICORE USE
16119558,7,30,MEDICORE USE
39480774,7,30,MEDICORE USE
85689916,7,30,MEDICORE USE
44485627,6,25,MEDICORE USE
28084294,7,30,MEDICORE USE
60727124,6,26,MEDICORE USE
29423009,7,30,MEDICORE USE
33585793,5,20,HIGHLEVEL USE
65916570,7,28,MEDICORE USE
26408000,3,30,MEDICORE USE
65982985,3,12,HIGHLEVEL USE
32705277,1,6,HIGHLEVEL USE
93485260,5,27,MEDICORE USE
59259825,7,30,MEDICORE USE
90331986,4,10,HIGHLEVEL USE
75404876,5,1,LOWLEVEL USE
25591468,7,30,MEDICORE USE
21051268,6,30,MEDICORE USE
88640923,5,20,HIGHLEVEL USE
67510833,5,20,HIGHLEVEL USE
55063429,3,30,MEDICORE USE
20240240,7,30,MEDICORE USE
16685635,1,25,MEDICORE USE
87900450,7,30,MEDICORE USE
19681249,4,23,MEDICORE USE
45567028,1,1,LOWLEVEL USE
93476029,3,25,MEDICORE USE
86727847,7,30,MEDICORE USE
71110258,7,30,MEDICORE USE
67790283,7,30,MEDICORE USE
48761798,3,12,HIGHLEVEL USE
23460854,4,9,HIGHLEVEL USE
55397495,2,15,HIGHLEVEL USE
48602875,7,30,MEDICORE USE
23068946,7,30,MEDICORE USE
39054606,7,30,MEDICORE USE
89169117,6,25,MEDICORE USE
55044987,4,8,HIGHLEVEL USE
61720103,7,28,MEDICORE USE
49229069,1,1,LOWLEVEL USE
49025949,6,28,MEDICORE USE
80273793,3,10,HIGHLEVEL USE
68459094,1,30,MEDICORE USE
39367136,6,28,MEDICORE USE
12285653,7,7,LOWLEVEL USE
37553205,6,25,MEDICORE USE
35548879,1,10,HIGHLEVEL USE
29383933,3,12,HIGHLEVEL USE
25451698,5,30,MEDICORE USE
83470179,6,2,LOWLEVEL USE
59202904,5,15,HIGHLEVEL USE
82235253,7,30,MEDICORE USE
40069339,7,30,MEDICORE USE
19543484,5,28,MEDICORE USE
56258704,2,15,HIGHLEVEL USE
27939240,6,29,MEDICORE USE
33067937,7,30,MEDICORE USE
94964066,7,30,MEDICORE USE
55875220,7,29,MEDICORE USE
76239220,6,6,LOWLEVEL USE
64081966,4,13,HIGHLEVEL USE
47820859,6,26,MEDICORE USE
35422489,7,10,HIGHLEVEL USE
99865215,7,30,MEDICORE USE
60774875,2,12,HIGHLEVEL USE
41823686,1,3,HIGHLEVEL USE
88612218,2,10,HIGHLEVEL USE
96127628,5,30,MEDICORE USE
93198217,2,20,HIGHLEVEL USE
51512217,7,30,MEDICORE USE
32851094,6,28,MEDICORE USE
41814569,7,30,MEDICORE USE
94039393,7,7,LOWLEVEL USE
20144908,4,23,MEDICORE USE
52120836,7,7,LOWLEVEL USE
78882823,4,20,HIGHLEVEL USE
11017080,7,30,MEDICORE USE
65542354,5,20,HIGHLEVEL USE
61929386,3,5,HIGHLEVEL USE
19814683,4,20,HIGHLEVEL USE
79558710,7,30,MEDICORE USE
31477799,1,2,HIGHLEVEL USE
85764845,6,30,MEDICORE USE
11230670,3,15,HIGHLEVEL USE
78408298,7,30,MEDICORE USE
25085394,6,24,MEDICORE USE
88854877,3,12,HIGHLEVEL USE
13878975,4,16,HIGHLEVEL USE
84532799,5,5,LOWLEVEL USE
38282553,7,23,MEDICORE USE
17184977,5,28,MEDICORE USE
59507335,6,30,MEDICORE USE
19591268,4,2,LOWLEVEL USE
15392888,7,29,MEDICORE USE
68863165,7,30,MEDICORE USE
66984054,4,25,MEDICORE USE
32697843,2,22,MEDICORE USE
97026214,7,30,MEDICORE USE
70838184,7,30,MEDICORE USE
69961103,3,23,MEDICORE USE
75867273,4,15,HIGHLEVEL USE
65693599,3,15,HIGHLEVEL USE
71584605,5,25,MEDICORE USE
29652478,7,30,MEDICORE USE
77577258,2,5,HIGHLEVEL USE
57376335,3,20,HIGHLEVEL USE
80035429,7,29,MEDICORE USE
39086377,7,30,MEDICORE USE
95182045,4,26,MEDICORE USE
55499615,5,25,MEDICORE USE
47046947,2,10,HIGHLEVEL USE
39022818,7,30,MEDICORE USE
61076117,5,26,MEDICORE USE
32642393,6,26,MEDICORE USE
38199399,7,7,LOWLEVEL USE
89835609,5,5,LOWLEVEL USE
11281293,6,28,MEDICORE USE
37329348,1,1,LOWLEVEL USE
71957000,5,25,MEDICORE USE
51092018,3,15,HIGHLEVEL USE
89761104,4,18,HIGHLEVEL USE
33597683,6,20,HIGHLEVEL USE
75049447,7,30,MEDICORE USE
45161217,5,20,HIGHLEVEL USE
77209628,7,29,MEDICORE USE
63214320,2,6,HIGHLEVEL USE
13855506,5,19,HIGHLEVEL USE
20418866,4,22,MEDICORE USE
75382799,3,8,HIGHLEVEL USE
50443257,6,20,HIGHLEVEL USE
73250709,3,30,MEDICORE USE
97069750,5,25,MEDICORE USE
73381277,7,28,MEDICORE USE
11006737,1,30,MEDICORE USE
29073803,6,30,MEDICORE USE
79066086,6,28,MEDICORE USE
28130446,7,20,HIGHLEVEL USE
21683770,7,30,MEDICORE USE
28249176,7,30,MEDICORE USE
17746604,2,8,HIGHLEVEL USE
61622174,7,30,MEDICORE USE
33719486,2,6,HIGHLEVEL USE
68888354,5,20,HIGHLEVEL USE
64816156,6,10,HIGHLEVEL USE
93525394,5,26,MEDICORE USE
99377814,4,7,HIGHLEVEL USE
40830485,7,21,MEDICORE USE
66360216,7,29,MEDICORE USE
82375286,2,8,HIGHLEVEL USE
51468629,2,8,HIGHLEVEL USE
15528089,7,20,HIGHLEVEL USE
71781907,6,5,LOWLEVEL USE
91755833,4,25,MEDICORE USE
57169345,3,3,LOWLEVEL USE
80645608,7,25,MEDICORE USE
39523716,7,30,MEDICORE USE
41297633,2,30,MEDICORE USE
71275480,1,2,HIGHLEVEL USE
99200825,5,5,LOWLEVEL USE
87936609,1,1,LOWLEVEL USE
94525430,1,6,HIGHLEVEL USE
37924319,4,12,HIGHLEVEL USE
99562208,1,3,HIGHLEVEL USE
17952076,7,30,MEDICORE USE
31519850,2,8,HIGHLEVEL USE
31217165,7,20,HIGHLEVEL USE
40908360,1,16,HIGHLEVEL USE
19309863,7,21,MEDICORE USE
75234214,4,25,MEDICORE USE
24468468,3,30,MEDICORE USE
63223259,6,25,MEDICORE USE
19821358,3,5,HIGHLEVEL USE
67243976,7,29,MEDICORE USE
77637436,4,19,HIGHLEVEL USE
61180109,5,20,HIGHLEVEL USE
38419744,3,18,HIGHLEVEL USE
53729254,1,1,LOWLEVEL USE
97823264,5,25,MEDICORE USE
12587429,2,1,LOWLEVEL USE
35928073,5,5,LOWLEVEL USE
15750678,7,30,MEDICORE USE
83027423,2,1,LOWLEVEL USE
51035655,3,1,LOWLEVEL USE
75815028,7,30,MEDICORE USE
37063594,7,30,MEDICORE USE
24319708,7,30,MEDICORE USE
27169538,7,7,LOWLEVEL USE
73934933,2,1,LOWLEVEL USE
67538087,3,30,MEDICORE USE
63004308,5,20,HIGHLEVEL USE
59816790,7,30,MEDICORE USE
69828133,7,30,MEDICORE USE
82905516,6,30,MEDICORE USE
15643017,3,13,HIGHLEVEL USE
80441093,3,20,HIGHLEVEL USE
34138845,2,8,HIGHLEVEL USE
32286549,6,26,MEDICORE USE
37185646,6,28,MEDICORE USE
61063233,2,9,HIGHLEVEL USE
86453668,7,20,HIGHLEVEL USE
57663750,7,20,HIGHLEVEL USE
39726795,7,30,MEDICORE USE
76174484,5,20,HIGHLEVEL USE
13719085,5,7,HIGHLEVEL USE
39924733,5,27,MEDICORE USE
74146948,5,25,MEDICORE USE
45737229,1,5,HIGHLEVEL USE
50586483,3,20,HIGHLEVEL USE
12517969,7,30,MEDICORE USE
90690635,4,8,HIGHLEVEL USE
86081960,5,5,LOWLEVEL USE
53618340,5,30,MEDICORE USE
67081446,4,16,HIGHLEVEL USE
23220586,3,9,HIGHLEVEL USE
87914504,2,15,HIGHLEVEL USE
73113454,7,29,MEDICORE USE
55113698,7,30,MEDICORE USE
23678829,3,4,HIGHLEVEL USE
18403106,4,4,LOWLEVEL USE
57364549,2,10,HIGHLEVEL USE
57497559,4,20,HIGHLEVEL USE
51136456,3,14,HIGHLEVEL USE
33357357,3,20,HIGHLEVEL USE
75689657,7,30,MEDICORE USE
51774785,7,25,MEDICORE USE
44604159,5,20,HIGHLEVEL USE
46043015,5,5,LOWLEVEL USE
65989439,7,30,MEDICORE USE
26133006,4,20,HIGHLEVEL USE
99221087,7,30,MEDICORE USE
89644143,5,30,MEDICORE USE
55798190,2,4,HIGHLEVEL USE
71913625,7,30,MEDICORE USE
33608643,7,30,MEDICORE USE
14005326,6,28,MEDICORE USE
51232580,7,30,MEDICORE USE
74711456,7,30,MEDICORE USE
24097109,5,5,LOWLEVEL USE
12275517,7,30,MEDICORE USE
78894544,5,25,MEDICORE USE
35800206,1,1,LOWLEVEL USE
11004593,3,15,HIGHLEVEL USE
17826078,7,30,MEDICORE USE
31036098,4,20,HIGHLEVEL USE
11429048,5,6,HIGHLEVEL USE
59775875,7,30,MEDICORE USE
59611775,4,22,MEDICORE USE
29581947,2,3,HIGHLEVEL USE
11695915,3,12,HIGHLEVEL USE
53156839,3,15,HIGHLEVEL USE
57049984,5,8,HIGHLEVEL USE
43876419,6,30,MEDICORE USE
27880829,3,7,HIGHLEVEL USE
13906303,6,28,MEDICORE USE
69072337,3,9,HIGHLEVEL USE
99930499,7,30,MEDICORE USE
62901693,4,18,HIGHLEVEL USE
93131844,7,30,MEDICORE USE
58758908,3,12,HIGHLEVEL USE
93819089,3,23,MEDICORE USE
80407189,7,30,MEDICORE USE
66680180,4,15,HIGHLEVEL USE
23717529,5,30,MEDICORE USE
67330465,2,15,HIGHLEVEL USE
79678609,5,20,HIGHLEVEL USE
18363488,2,8,HIGHLEVEL USE
19707876,4,7,HIGHLEVEL USE
48912924,6,7,HIGHLEVEL USE
53782449,4,20,HIGHLEVEL USE
39597670,7,30,MEDICORE USE
70238370,7,30,MEDICORE USE
67135005,2,20,HIGHLEVEL USE
55330296,5,22,MEDICORE USE
39619889,5,28,MEDICORE USE
35870893,4,18,HIGHLEVEL USE
26206700,7,30,MEDICORE USE
53695995,2,25,MEDICORE USE
15405093,5,20,HIGHLEVEL USE
40039588,4,10,HIGHLEVEL USE
23507644,4,25,MEDICORE USE
87657716,5,20,HIGHLEVEL USE
39962273,7,25,MEDICORE USE
47689656,6,30,MEDICORE USE
89572528,7,7,LOWLEVEL USE
32393498,1,1,LOWLEVEL USE
29335838,5,10,HIGHLEVEL USE
34815958,1,14,HIGHLEVEL USE
13538344,7,30,MEDICORE USE
86084407,3,10,HIGHLEVEL USE
73131684,2,4,HIGHLEVEL USE
55070444,6,28,MEDICORE USE
33403590,3,15,HIGHLEVEL USE
75912987,1,1,LOWLEVEL USE
35241394,7,30,MEDICORE USE
47327603,7,20,HIGHLEVEL USE
92742170,4,25,MEDICORE USE
27370173,3,15,HIGHLEVEL USE
49998715,1,1,LOWLEVEL USE
30028245,4,9,HIGHLEVEL USE
84797808,1,1,LOWLEVEL USE
19472590,4,26,MEDICORE USE
57080296,6,24,MEDICORE USE
25362079,1,5,HIGHLEVEL USE
44018324,1,30,MEDICORE USE
60429058,2,24,MEDICORE USE
93412636,7,30,MEDICORE USE
23534067,7,30,MEDICORE USE
64753818,1,3,HIGHLEVEL USE
83626784,7,30,MEDICORE USE
44348866,3,10,HIGHLEVEL USE
13066735,7,30,MEDICORE USE
34288858,4,20,HIGHLEVEL USE
96542136,3,30,MEDICORE USE
17760884,4,15,HIGHLEVEL USE
57651837,7,7,LOWLEVEL USE
52302063,7,29,MEDICORE USE
63208287,4,20,HIGHLEVEL USE
65796827,5,20,HIGHLEVEL USE
65247985,7,30,MEDICORE USE
60453350,7,30,MEDICORE USE
23088365,4,14,HIGHLEVEL USE
24831260,2,18,HIGHLEVEL USE
67969840,7,30,MEDICORE USE
31288223,1,30,MEDICORE USE
43762347,7,30,MEDICORE USE
14428755,7,30,MEDICORE USE
77680298,6,28,MEDICORE USE
19119580,7,30,MEDICORE USE
63117678,3,15,HIGHLEVEL USE
67147007,5,24,MEDICORE USE
78600734,4,20,HIGHLEVEL USE
44098279,1,5,HIGHLEVEL USE
35598559,3,2,LOWLEVEL USE
41683638,1,5,HIGHLEVEL USE
25299418,6,26,MEDICORE USE
83320788,7,30,MEDICORE USE
75251910,4,20,HIGHLEVEL USE
18736228,7,30,MEDICORE USE
75322343,7,30,MEDICORE USE
51446788,7,30,MEDICORE USE
67307389,6,29,MEDICORE USE
77169854,7,5,LOWLEVEL USE
85692509,7,4,LOWLEVEL USE
63520325,5,10,HIGHLEVEL USE
17198880,7,1,LOWLEVEL USE
51985216,4,5,HIGHLEVEL USE
31768816,2,20,HIGHLEVEL USE
99305129,4,20,HIGHLEVEL USE
36017998,1,1,LOWLEVEL USE
75133984,3,4,HIGHLEVEL USE
57924040,7,30,MEDICORE USE
65741787,6,28,MEDICORE USE
28603884,5,25,MEDICORE USE
26595503,6,29,MEDICORE USE
83524875,5,23,MEDICORE USE
27543550,4,20,HIGHLEVEL USE
15822057,7,15,HIGHLEVEL USE
68296305,3,25,MEDICORE USE
92188920,3,20,HIGHLEVEL USE
35358426,5,25,MEDICORE USE
33037530,1,4,HIGHLEVEL USE
78645633,5,25,MEDICORE USE
95790185,5,10,HIGHLEVEL USE
61871380,5,25,MEDICORE USE
63959476,4,20,HIGHLEVEL USE
27561993,3,9,HIGHLEVEL USE
77464384,6,25,MEDICORE USE
39604859,5,5,LOWLEVEL USE
25111977,5,5,LOWLEVEL USE
95946685,5,30,MEDICORE USE
94565096,1,8,HIGHLEVEL USE
55506940,4,20,HIGHLEVEL USE
23689677,1,4,HIGHLEVEL USE
65680365,4,25,MEDICORE USE
46937015,1,9,HIGHLEVEL USE
43397679,6,30,MEDICORE USE
77498898,5,20,HIGHLEVEL USE
87851737,5,1,LOWLEVEL USE
90173779,2,3,HIGHLEVEL USE
31721513,3,3,LOWLEVEL USE
99766610,3,15,HIGHLEVEL USE
79557655,6,25,MEDICORE USE
60419984,7,30,MEDICORE USE
33515489,7,5,LOWLEVEL USE
55655440,7,30,MEDICORE USE
76728380,7,7,LOWLEVEL USE
49823866,7,30,MEDICORE USE
51290194,7,20,HIGHLEVEL USE
77336230,1,6,HIGHLEVEL USE
67865300,7,30,MEDICORE USE
97541325,4,16,HIGHLEVEL USE
55784084,6,25,MEDICORE USE
63900117,3,10,HIGHLEVEL USE
29378776,3,10,HIGHLEVEL USE
15526383,6,28,MEDICORE USE
15488598,3,15,HIGHLEVEL USE
41446608,5,25,MEDICORE USE
19944023,2,18,HIGHLEVEL USE
92348947,3,10,HIGHLEVEL USE
67958097,7,30,MEDICORE USE
65502339,7,30,MEDICORE USE
39670185,2,15,HIGHLEVEL USE
10901627,7,30,MEDICORE USE
11537420,2,8,HIGHLEVEL USE
83103308,6,25,MEDICORE USE
41859114,4,20,HIGHLEVEL USE
93534510,5,30,MEDICORE USE
53914893,3,5,HIGHLEVEL USE
65848156,3,12,HIGHLEVEL USE
41700807,4,25,MEDICORE USE
71291834,5,24,MEDICORE USE
65011430,3,15,HIGHLEVEL USE
83768858,7,30,MEDICORE USE
91543398,5,24,MEDICORE USE
27706835,3,14,HIGHLEVEL USE
77508217,7,2,LOWLEVEL USE
91119758,6,28,MEDICORE USE
33924378,7,30,MEDICORE USE
67246040,4,4,LOWLEVEL USE
47147343,4,23,MEDICORE USE
46732037,6,29,MEDICORE USE
25521149,5,30,MEDICORE USE
59430685,6,27,MEDICORE USE
30105926,7,6,LOWLEVEL USE
77469098,7,30,MEDICORE USE
75628678,7,14,HIGHLEVEL USE
39299647,4,22,MEDICORE USE
83139128,6,20,HIGHLEVEL USE
39715843,1,3,HIGHLEVEL USE
73913573,7,7,LOWLEVEL USE
11084046,6,6,LOWLEVEL USE
61933114,1,2,HIGHLEVEL USE
49426710,3,30,MEDICORE USE
27958743,4,15,HIGHLEVEL USE
27111783,1,1,LOWLEVEL USE
44061789,7,20,HIGHLEVEL USE
80895085,6,27,MEDICORE USE
24318884,2,1,LOWLEVEL USE
97607236,5,5,LOWLEVEL USE
15399625,5,20,HIGHLEVEL USE
84680493,5,6,HIGHLEVEL USE
56075653,3,15,HIGHLEVEL USE
74035286,4,15,HIGHLEVEL USE
80537299,3,14,HIGHLEVEL USE
75925890,7,26,MEDICORE USE
77728559,7,30,MEDICORE USE
98343348,6,27,MEDICORE USE
46722750,3,1,LOWLEVEL USE
55743734,3,26,MEDICORE USE
65679135,6,25,MEDICORE USE
96928280,7,25,MEDICORE USE
44580728,6,26,MEDICORE USE
75795696,7,30,MEDICORE USE
90873450,3,12,HIGHLEVEL USE
57123790,5,25,MEDICORE USE
25234148,3,15,HIGHLEVEL USE
65597965,2,4,HIGHLEVEL USE
37453870,1,1,LOWLEVEL USE
89287639,5,7,HIGHLEVEL USE
59889739,3,20,HIGHLEVEL USE
11327173,3,2,LOWLEVEL USE
19929636,5,10,HIGHLEVEL USE
73159946,5,20,HIGHLEVEL USE
79989470,4,25,MEDICORE USE
86834767,7,30,MEDICORE USE
39316543,4,16,HIGHLEVEL USE
27327636,7,30,MEDICORE USE
96703629,6,20,HIGHLEVEL USE
26623586,3,30,MEDICORE USE
82084353,5,20,HIGHLEVEL USE
19815423,7,30,MEDICORE USE
57124436,7,30,MEDICORE USE
97458769,7,15,HIGHLEVEL USE
43293564,5,5,LOWLEVEL USE
85342699,1,2,HIGHLEVEL USE
54314678,3,3,LOWLEVEL USE
87862707,2,10,HIGHLEVEL USE
38743549,3,15,HIGHLEVEL USE
22640605,3,15,HIGHLEVEL USE
19978240,3,15,HIGHLEVEL USE
22691568,1,8,HIGHLEVEL USE
95337580,7,29,MEDICORE USE
85372154,3,30,MEDICORE USE
77934766,7,26,MEDICORE USE
55610904,3,20,HIGHLEVEL USE
57040087,5,24,MEDICORE USE
19895028,7,30,MEDICORE USE
59523400,5,25,MEDICORE USE
39230440,3,3,LOWLEVEL USE
33306405,7,30,MEDICORE USE
79080600,2,5,HIGHLEVEL USE
51661349,4,30,MEDICORE USE
55583217,7,29,MEDICORE USE
35517260,2,4,HIGHLEVEL USE
49869859,7,30,MEDICORE USE
63221298,5,30,MEDICORE USE
85916749,7,30,MEDICORE USE
65358605,7,30,MEDICORE USE
43133367,2,6,HIGHLEVEL USE
83628858,7,30,MEDICORE USE
48237678,7,30,MEDICORE USE
97614128,3,14,HIGHLEVEL USE
41442399,7,30,MEDICORE USE
32768330,3,5,HIGHLEVEL USE
57902176,1,10,HIGHLEVEL USE
15273248,4,28,MEDICORE USE
90809587,7,28,MEDICORE USE
75558515,3,5,HIGHLEVEL USE
89755230,4,2,LOWLEVEL USE
35579244,7,29,MEDICORE USE
12421004,6,15,HIGHLEVEL USE
67003948,7,30,MEDICORE USE
83522239,5,25,MEDICORE USE
51755277,1,15,HIGHLEVEL USE
11102069,4,15,HIGHLEVEL USE
88456369,2,6,HIGHLEVEL USE
73232796,7,30,MEDICORE USE
74169520,6,26,MEDICORE USE
25035733,7,30,MEDICORE USE
81142140,7,30,MEDICORE USE
78939674,7,30,MEDICORE USE
72341173,5,24,MEDICORE USE
39344016,6,30,MEDICORE USE
29385485,4,5,HIGHLEVEL USE
55118073,3,15,HIGHLEVEL USE
43420938,4,20,HIGHLEVEL USE
32395840,6,28,MEDICORE USE
71582555,5,20,HIGHLEVEL USE
31734633,3,12,HIGHLEVEL USE
79214488,7,30,MEDICORE USE
91218155,5,14,HIGHLEVEL USE
58266845,7,30,MEDICORE USE
98698364,6,27,MEDICORE USE
23008665,6,20,HIGHLEVEL USE
92916435,6,20,HIGHLEVEL USE
84836338,7,29,MEDICORE USE
15979628,7,7,LOWLEVEL USE
60737774,3,15,HIGHLEVEL USE
97661718,2,5,HIGHLEVEL USE
17927469,7,30,MEDICORE USE
71232255,4,20,HIGHLEVEL USE
34424323,6,25,MEDICORE USE
70707748,7,28,MEDICORE USE
33945450,7,30,MEDICORE USE
38807678,2,5,HIGHLEVEL USE
83234078,3,18,HIGHLEVEL USE
81687099,3,20,HIGHLEVEL USE
19467659,7,30,MEDICORE USE
69490547,5,20,HIGHLEVEL USE
59790343,2,5,HIGHLEVEL USE
25364917,3,20,HIGHLEVEL USE
59235075,2,6,HIGHLEVEL USE
56321404,3,3,LOWLEVEL USE
15706086,2,20,HIGHLEVEL USE
59393409,5,23,MEDICORE USE
61370374,7,30,MEDICORE USE
85567439,5,28,MEDICORE USE
31843415,4,1,LOWLEVEL USE
59713759,7,4,LOWLEVEL USE
63027994,1,30,MEDICORE USE
14004478,2,30,MEDICORE USE
68128434,7,30,MEDICORE USE
85649897,1,3,HIGHLEVEL USE
75054199,3,15,HIGHLEVEL USE
49254479,1,10,HIGHLEVEL USE
13711616,7,30,MEDICORE USE
83844503,7,30,MEDICORE USE
34123933,4,14,HIGHLEVEL USE
55903737,7,30,MEDICORE USE
88931499,4,18,HIGHLEVEL USE
91578765,5,25,MEDICORE USE
38033474,7,30,MEDICORE USE
62444340,4,22,MEDICORE USE
15291559,2,28,MEDICORE USE
89752076,4,28,MEDICORE USE
69975789,4,16,HIGHLEVEL USE
53386024,1,1,LOWLEVEL USE
88726267,1,1,LOWLEVEL USE
46808184,4,17,HIGHLEVEL USE
61428025,5,24,MEDICORE USE
57955339,7,30,MEDICORE USE
71956313,3,2,LOWLEVEL USE
77835634,6,28,MEDICORE USE
19933186,7,30,MEDICORE USE
24006967,3,10,HIGHLEVEL USE
21626619,7,30,MEDICORE USE
77575607,5,25,MEDICORE USE
76612205,7,30,MEDICORE USE
33739837,1,4,HIGHLEVEL USE
56372049,2,10,HIGHLEVEL USE
85041366,6,7,HIGHLEVEL USE
35753158,7,30,MEDICORE USE
47263776,7,30,MEDICORE USE
79424595,1,1,LOWLEVEL USE
82819434,7,30,MEDICORE USE
64071236,7,30,MEDICORE USE
97693828,4,23,MEDICORE USE
17763524,5,14,HIGHLEVEL USE
76878233,6,29,MEDICORE USE
23559949,5,20,HIGHLEVEL USE
81569577,6,28,MEDICORE USE
61448853,7,30,MEDICORE USE
71550799,3,15,HIGHLEVEL USE
14812653,5,30,MEDICORE USE
99478988,2,28,MEDICORE USE
59435635,4,25,MEDICORE USE
12243110,7,30,MEDICORE USE
41723696,2,23,MEDICORE USE
87168670,7,30,MEDICORE USE
13520518,4,18,HIGHLEVEL USE
20328380,6,26,MEDICORE USE
26980443,1,12,HIGHLEVEL USE
88928133,7,30,MEDICORE USE
73256184,7,30,MEDICORE USE
63376228,4,18,HIGHLEVEL USE
33387835,5,20,HIGHLEVEL USE
77893498,4,22,MEDICORE USE
52366093,3,10,HIGHLEVEL USE
89021927,2,5,HIGHLEVEL USE
81004998,7,30,MEDICORE USE
14469203,7,30,MEDICORE USE
22365890,7,30,MEDICORE USE
85699510,3,15,HIGHLEVEL USE
23649997,5,28,MEDICORE USE
46148975,3,12,HIGHLEVEL USE
62733430,4,5,HIGHLEVEL USE
52298887,3,17,HIGHLEVEL USE
25540670,7,30,MEDICORE USE
23315697,6,24,MEDICORE USE
19408759,7,20,HIGHLEVEL USE
86048017,5,29,MEDICORE USE
20218518,7,7,LOWLEVEL USE
45978360,5,25,MEDICORE USE
47743238,3,15,HIGHLEVEL USE
37997194,1,1,LOWLEVEL USE
29989296,6,27,MEDICORE USE
81668237,5,24,MEDICORE USE
89053084,4,25,MEDICORE USE
61373706,7,30,MEDICORE USE
65154764,7,29,MEDICORE USE
56174545,7,30,MEDICORE USE
71718176,1,1,LOWLEVEL USE
92241178,2,12,HIGHLEVEL USE
40504977,3,17,HIGHLEVEL USE
61562730,7,30,MEDICORE USE
39292274,7,30,MEDICORE USE
59794105,5,29,MEDICORE USE
64231126,7,30,MEDICORE USE
83987196,5,25,MEDICORE USE
73254660,7,30,MEDICORE USE
98499623,5,25,MEDICORE USE
91388883,5,15,HIGHLEVEL USE
85340506,3,3,LOWLEVEL USE
34909787,1,6,HIGHLEVEL USE
25341124,5,25,MEDICORE USE
64465578,3,20,HIGHLEVEL USE
83010526,6,23,MEDICORE USE
56047995,4,25,MEDICORE USE
75862384,2,20,HIGHLEVEL USE
59124680,7,30,MEDICORE USE
59441560,7,30,MEDICORE USE
65085568,7,30,MEDICORE USE
32193767,6,25,MEDICORE USE
39688250,7,30,MEDICORE USE
55033088,7,30,MEDICORE USE
51687226,5,20,HIGHLEVEL USE
71353628,7,30,MEDICORE USE
61718015,7,3,LOWLEVEL USE
99692823,6,29,MEDICORE USE
97565873,6,30,MEDICORE USE
25941946,6,28,MEDICORE USE
51630710,3,3,LOWLEVEL USE
87327108,3,18,HIGHLEVEL USE
58188499,5,30,MEDICORE USE
51064794,6,6,LOWLEVEL USE
65847260,5,20,HIGHLEVEL USE
73734854,7,30,MEDICORE USE
65339659,7,25,MEDICORE USE
71475540,7,30,MEDICORE USE
27670445,7,30,MEDICORE USE
23240517,5,25,MEDICORE USE
41738735,6,7,HIGHLEVEL USE
93163425,6,29,MEDICORE USE
73744527,7,30,MEDICORE USE
61838367,2,6,HIGHLEVEL USE
13505268,7,30,MEDICORE USE
32020648,3,2,LOWLEVEL USE
63990066,7,28,MEDICORE USE
56276388,4,12,HIGHLEVEL USE
71171906,5,20,HIGHLEVEL USE
86235260,2,4,HIGHLEVEL USE
71314425,5,15,HIGHLEVEL USE
69612166,7,30,MEDICORE USE
39666786,5,25,MEDICORE USE
73863266,7,30,MEDICORE USE
88970787,5,24,MEDICORE USE
67775908,7,30,MEDICORE USE
45236355,4,20,HIGHLEVEL USE
33654565,7,28,MEDICORE USE
49078443,1,1,LOWLEVEL USE
60467069,5,25,MEDICORE USE
83845644,5,20,HIGHLEVEL USE
91522585,3,20,HIGHLEVEL USE
35307724,7,7,LOWLEVEL USE
73563437,2,2,LOWLEVEL USE
27289408,6,25,MEDICORE USE
70257524,4,20,HIGHLEVEL USE
63902729,7,10,HIGHLEVEL USE
63666920,7,30,MEDICORE USE
35185459,5,10,HIGHLEVEL USE
87397286,5,27,MEDICORE USE
58154960,5,25,MEDICORE USE
79572160,7,15,HIGHLEVEL USE
21494360,1,12,HIGHLEVEL USE
51884900,7,30,MEDICORE USE
47240190,1,30,MEDICORE USE
65102143,6,30,MEDICORE USE
77854887,5,20,HIGHLEVEL USE
92380179,4,18,HIGHLEVEL USE
16084535,7,27,MEDICORE USE
21453374,3,4,HIGHLEVEL USE
65399408,6,30,MEDICORE USE
91494308,5,20,HIGHLEVEL USE
67702530,1,1,LOWLEVEL USE
53658826,2,15,HIGHLEVEL USE
77738609,2,2,LOWLEVEL USE
63688074,1,6,HIGHLEVEL USE
58776907,3,12,HIGHLEVEL USE
80366607,7,7,LOWLEVEL USE
69454628,7,30,MEDICORE USE
17533274,1,4,HIGHLEVEL USE
43823539,7,30,MEDICORE USE
22386628,2,10,HIGHLEVEL USE
27251269,2,8,HIGHLEVEL USE
63323725,5,20,HIGHLEVEL USE
75555974,7,30,MEDICORE USE
11830173,7,30,MEDICORE USE
65007815,2,8,HIGHLEVEL USE
71958798,7,19,HIGHLEVEL USE
19383310,2,5,HIGHLEVEL USE
57630500,6,25,MEDICORE USE
53142168,2,10,HIGHLEVEL USE
87716688,7,30,MEDICORE USE
87918860,4,16,HIGHLEVEL USE
33913865,2,30,MEDICORE USE
33909004,7,30,MEDICORE USE
97833485,5,20,HIGHLEVEL USE
75096166,7,28,MEDICORE USE
17871113,5,20,HIGHLEVEL USE
24364437,7,28,MEDICORE USE
52415956,2,12,HIGHLEVEL USE
51379459,3,12,HIGHLEVEL USE
14359100,5,25,MEDICORE USE
57196995,6,30,MEDICORE USE
19394517,7,30,MEDICORE USE
55328505,2,15,HIGHLEVEL USE
67942964,4,16,HIGHLEVEL USE
94513305,3,1,LOWLEVEL USE
81542389,1,1,LOWLEVEL USE
24916636,3,15,HIGHLEVEL USE
41245167,7,29,MEDICORE USE
41170959,1,3,HIGHLEVEL USE
12116373,4,4,LOWLEVEL USE
24882160,7,30,MEDICORE USE
41471255,3,20,HIGHLEVEL USE
78015790,3,20,HIGHLEVEL USE
55534868,5,25,MEDICORE USE
11136748,3,20,HIGHLEVEL USE
55801357,3,17,HIGHLEVEL USE
52912333,1,1,LOWLEVEL USE
20079225,2,3,HIGHLEVEL USE
77738000,5,20,HIGHLEVEL USE
83199684,4,3,LOWLEVEL USE
75618108,2,15,HIGHLEVEL USE
33060054,5,25,MEDICORE USE
61114223,5,20,HIGHLEVEL USE
69167217,1,2,HIGHLEVEL USE
84919418,4,20,HIGHLEVEL USE
49529186,1,7,HIGHLEVEL USE
35351463,1,1,LOWLEVEL USE
84728098,6,25,MEDICORE USE
96164606,2,2,LOWLEVEL USE
99129193,5,20,HIGHLEVEL USE
81662075,5,20,HIGHLEVEL USE
74073150,4,16,HIGHLEVEL USE
25995488,4,20,HIGHLEVEL USE
68661807,7,20,HIGHLEVEL USE
39102075,7,7,LOWLEVEL USE
52411864,7,30,MEDICORE USE
57349789,1,5,HIGHLEVEL USE
29968275,5,30,MEDICORE USE
73493459,7,30,MEDICORE USE
57006268,3,15,HIGHLEVEL USE
90891266,5,5,LOWLEVEL USE
43410944,4,20,HIGHLEVEL USE
95190866,7,12,HIGHLEVEL USE
13737758,7,30,MEDICORE USE
31979258,4,25,MEDICORE USE
23527213,2,4,HIGHLEVEL USE
37441023,6,30,MEDICORE USE
57793253,5,20,HIGHLEVEL USE
44971369,4,8,HIGHLEVEL USE
66972046,3,3,LOWLEVEL USE
35902399,7,7,LOWLEVEL USE
47564845,7,7,LOWLEVEL USE
25730190,3,5,HIGHLEVEL USE
73270590,1,12,HIGHLEVEL USE
42633573,3,2,LOWLEVEL USE
39750549,3,20,HIGHLEVEL USE
19454794,6,28,MEDICORE USE
88278300,5,20,HIGHLEVEL USE
55458614,7,30,MEDICORE USE
63858854,4,15,HIGHLEVEL USE
26821779,3,3,LOWLEVEL USE
80659709,3,12,HIGHLEVEL USE
45069605,3,20,HIGHLEVEL USE
97987014,2,9,HIGHLEVEL USE
13784943,7,30,MEDICORE USE
16786479,2,2,LOWLEVEL USE
37393595,5,25,MEDICORE USE
55825165,5,25,MEDICORE USE
11621339,3,20,HIGHLEVEL USE
39471703,3,20,HIGHLEVEL USE
61322199,7,30,MEDICORE USE
40335579,5,20,HIGHLEVEL USE
60805918,1,1,LOWLEVEL USE
47457623,7,7,LOWLEVEL USE
55666359,4,15,HIGHLEVEL USE
55725335,5,15,HIGHLEVEL USE
60874153,5,25,MEDICORE USE
53968589,1,13,HIGHLEVEL USE
11558856,4,20,HIGHLEVEL USE
74822223,1,15,HIGHLEVEL USE
60657485,5,23,MEDICORE USE
26370994,7,30,MEDICORE USE
55947298,2,2,LOWLEVEL USE
80829453,7,15,HIGHLEVEL USE
63069380,5,25,MEDICORE USE
63935843,7,30,MEDICORE USE
94705125,7,30,MEDICORE USE
84543764,5,30,MEDICORE USE
23166725,3,12,HIGHLEVEL USE
21625653,7,5,LOWLEVEL USE
28845948,1,15,HIGHLEVEL USE
29423806,1,2,HIGHLEVEL USE
51053248,5,30,MEDICORE USE
73160407,1,15,HIGHLEVEL USE
94155976,3,3,LOWLEVEL USE
13368474,1,5,HIGHLEVEL USE
94370585,1,5,HIGHLEVEL USE
17662826,7,30,MEDICORE USE
13041918,5,30,MEDICORE USE
47176289,3,10,HIGHLEVEL USE
63630738,6,30,MEDICORE USE
83995120,7,30,MEDICORE USE
27575136,3,24,MEDICORE USE
81978527,7,7,LOWLEVEL USE
87017808,7,25,MEDICORE USE
29603539,3,30,MEDICORE USE
61266607,5,25,MEDICORE USE
71573503,7,30,MEDICORE USE
55919818,1,1,LOWLEVEL USE
81566644,1,2,HIGHLEVEL USE
45492019,4,6,HIGHLEVEL USE
28244683,4,17,HIGHLEVEL USE
49429110,2,20,HIGHLEVEL USE
51647589,5,25,MEDICORE USE
30583724,3,6,HIGHLEVEL USE
42536878,6,28,MEDICORE USE
20547976,3,3,LOWLEVEL USE
79894553,1,30,MEDICORE USE
32532200,7,30,MEDICORE USE
64455565,7,25,MEDICORE USE
55870525,4,15,HIGHLEVEL USE
57424996,1,1,LOWLEVEL USE
17956188,5,5,LOWLEVEL USE
29809450,1,1,LOWLEVEL USE
21308980,1,1,LOWLEVEL USE
78383274,1,7,HIGHLEVEL USE
80364137,3,16,HIGHLEVEL USE
51869698,2,2,LOWLEVEL USE
35600943,5,25,MEDICORE USE
34548087,2,4,HIGHLEVEL USE
27782249,7,30,MEDICORE USE
41381165,3,14,HIGHLEVEL USE
13485963,2,2,LOWLEVEL USE
10099568,7,30,MEDICORE USE
45522846,7,30,MEDICORE USE
33169583,1,4,HIGHLEVEL USE
66896794,1,5,HIGHLEVEL USE
83582327,2,15,HIGHLEVEL USE
15414610,3,4,HIGHLEVEL USE
52159036,7,29,MEDICORE USE
27044793,7,30,MEDICORE USE
29133750,5,25,MEDICORE USE
13758487,6,27,MEDICORE USE
40037575,3,12,HIGHLEVEL USE
40441767,7,7,LOWLEVEL USE
53003054,1,1,LOWLEVEL USE
64358667,5,20,HIGHLEVEL USE
63288835,7,30,MEDICORE USE
18119137,5,27,MEDICORE USE
63670895,7,30,MEDICORE USE
37727804,7,30,MEDICORE USE
79384744,6,30,MEDICORE USE
54484623,5,1,LOWLEVEL USE
45430738,7,30,MEDICORE USE
43584586,7,30,MEDICORE USE
75305857,1,5,HIGHLEVEL USE
66216385,2,8,HIGHLEVEL USE
91092509,5,28,MEDICORE USE
30929358,2,6,HIGHLEVEL USE
61192787,2,10,HIGHLEVEL USE
39899423,7,30,MEDICORE USE
81051466,4,5,HIGHLEVEL USE
15841937,5,5,LOWLEVEL USE
47610540,5,28,MEDICORE USE
23338543,5,15,HIGHLEVEL USE
91296520,5,20,HIGHLEVEL USE
49185075,1,2,HIGHLEVEL USE
47028845,4,4,LOWLEVEL USE
21131859,6,25,MEDICORE USE
37387989,5,30,MEDICORE USE
61581357,1,2,HIGHLEVEL USE
19294594,7,30,MEDICORE USE
38979919,2,10,HIGHLEVEL USE
57775178,1,3,HIGHLEVEL USE
75456356,6,29,MEDICORE USE
95950078,1,15,HIGHLEVEL USE
68256718,7,30,MEDICORE USE
73228964,4,17,HIGHLEVEL USE
19416207,1,30,MEDICORE USE
82901848,7,7,LOWLEVEL USE
93071798,3,3,LOWLEVEL USE
63413259,7,30,MEDICORE USE
49987848,2,18,HIGHLEVEL USE
50157043,6,25,MEDICORE USE
71276946,7,30,MEDICORE USE
65075555,4,20,HIGHLEVEL USE
80915465,7,8,HIGHLEVEL USE
21151715,5,27,MEDICORE USE
36155220,7,30,MEDICORE USE
92859660,1,5,HIGHLEVEL USE
17946434,7,30,MEDICORE USE
47187363,6,25,MEDICORE USE
15265979,5,28,MEDICORE USE
91975613,5,5,LOWLEVEL USE
83058749,6,25,MEDICORE USE
41924987,7,20,HIGHLEVEL USE
89503266,7,30,MEDICORE USE
38062838,3,4,HIGHLEVEL USE
65944704,1,27,MEDICORE USE
87838420,1,3,HIGHLEVEL USE
84979025,6,25,MEDICORE USE
47346696,4,15,HIGHLEVEL USE
96307484,7,8,HIGHLEVEL USE
42452864,2,10,HIGHLEVEL USE
19018406,7,30,MEDICORE USE
31179370,4,5,HIGHLEVEL USE
51734000,7,7,LOWLEVEL USE
44564337,3,10,HIGHLEVEL USE
49196093,7,7,LOWLEVEL USE
44820243,3,2,LOWLEVEL USE
73480263,1,30,MEDICORE USE
37899264,3,15,HIGHLEVEL USE
65492883,7,28,MEDICORE USE
39248029,5,25,MEDICORE USE
51873756,7,30,MEDICORE USE
97089876,2,23,MEDICORE USE
12499273,4,5,HIGHLEVEL USE
72558054,3,18,HIGHLEVEL USE
44259304,7,30,MEDICORE USE
73346037,7,30,MEDICORE USE
36373978,3,3,LOWLEVEL USE
84305179,6,20,HIGHLEVEL USE
45916800,7,30,MEDICORE USE
54400430,3,15,HIGHLEVEL USE
27147673,6,19,HIGHLEVEL USE
63554985,2,2,LOWLEVEL USE
51705268,7,28,MEDICORE USE
27578818,7,30,MEDICORE USE
34231843,7,30,MEDICORE USE
41498509,5,27,MEDICORE USE
17889919,5,28,MEDICORE USE
41845065,7,30,MEDICORE USE
81199637,5,20,HIGHLEVEL USE
51527619,7,30,MEDICORE USE
57967827,7,30,MEDICORE USE
77225204,2,2,LOWLEVEL USE
82434205,4,17,HIGHLEVEL USE
79218684,3,15,HIGHLEVEL USE
23652419,7,28,MEDICORE USE
72454783,1,1,LOWLEVEL USE
89146253,2,2,LOWLEVEL USE
64256480,4,23,MEDICORE USE
79215920,3,11,HIGHLEVEL USE
97706524,3,15,HIGHLEVEL USE
15855340,7,30,MEDICORE USE
57777583,4,20,HIGHLEVEL USE
26751347,4,30,MEDICORE USE
10449198,7,7,LOWLEVEL USE
37951176,7,26,MEDICORE USE
53735810,3,5,HIGHLEVEL USE
85417760,2,5,HIGHLEVEL USE
57154937,6,30,MEDICORE USE
87778327,5,5,LOWLEVEL USE
97594786,5,21,MEDICORE USE
51209773,7,7,LOWLEVEL USE
75669725,7,25,MEDICORE USE
35410957,7,30,MEDICORE USE
63128139,5,21,MEDICORE USE
70840737,7,5,LOWLEVEL USE
59357359,1,7,HIGHLEVEL USE
99260908,2,2,LOWLEVEL USE
49615046,7,30,MEDICORE USE
61514749,2,10,HIGHLEVEL USE
13163439,3,1,LOWLEVEL USE
25798633,5,30,MEDICORE USE
89588685,7,30,MEDICORE USE
14847384,5,19,HIGHLEVEL USE
45813478,2,6,HIGHLEVEL USE
41962120,3,7,HIGHLEVEL USE
55114278,1,12,HIGHLEVEL USE
81169550,7,30,MEDICORE USE
16645163,1,2,HIGHLEVEL USE
81156449,3,5,HIGHLEVEL USE
63776467,2,15,HIGHLEVEL USE
70986245,7,30,MEDICORE USE
91849214,5,26,MEDICORE USE
54300898,3,10,HIGHLEVEL USE
87430898,3,25,MEDICORE USE
47013094,7,30,MEDICORE USE
82648917,7,30,MEDICORE USE
58571369,4,10,HIGHLEVEL USE
17105353,2,10,HIGHLEVEL USE
47621478,5,25,MEDICORE USE
17419103,1,25,MEDICORE USE
21089573,7,30,MEDICORE USE
11731639,7,30,MEDICORE USE
21531466,6,28,MEDICORE USE
20450574,6,24,MEDICORE USE
38868997,5,25,MEDICORE USE
62580668,7,30,MEDICORE USE
71161955,5,20,HIGHLEVEL USE
41975519,7,30,MEDICORE USE
26799646,1,1,LOWLEVEL USE
17805203,5,20,HIGHLEVEL USE
95885540,7,30,MEDICORE USE
20267787,5,6,HIGHLEVEL USE
25709547,5,20,HIGHLEVEL USE
57903765,7,30,MEDICORE USE
83960593,7,29,MEDICORE USE
60490103,5,12,HIGHLEVEL USE
70130426,1,10,HIGHLEVEL USE
74316059,5,20,HIGHLEVEL USE
71324325,7,30,MEDICORE USE
30181816,1,2,HIGHLEVEL USE
77001430,5,25,MEDICORE USE
16224158,1,1,LOWLEVEL USE
31170455,3,30,MEDICORE USE
30892510,6,25,MEDICORE USE
45745035,6,27,MEDICORE USE
91288270,3,1,LOWLEVEL USE
86306644,2,3,HIGHLEVEL USE
49247803,7,29,MEDICORE USE
13419303,3,25,MEDICORE USE
43902895,1,4,HIGHLEVEL USE
31173854,7,30,MEDICORE USE
21071520,5,5,LOWLEVEL USE
92591073,6,27,MEDICORE USE
23194516,4,15,HIGHLEVEL USE
63433356,7,30,MEDICORE USE
15739723,4,15,HIGHLEVEL USE
39926256,6,27,MEDICORE USE
68575433,2,5,HIGHLEVEL USE
83592949,2,15,HIGHLEVEL USE
71894113,3,10,HIGHLEVEL USE
74908373,2,1,LOWLEVEL USE
47729134,5,28,MEDICORE USE
70578539,6,27,MEDICORE USE
78911694,1,4,HIGHLEVEL USE
95150134,5,20,HIGHLEVEL USE
45523737,3,20,HIGHLEVEL USE
85416619,4,4,LOWLEVEL USE
83307084,3,30,MEDICORE USE
24154345,6,28,MEDICORE USE
87164663,5,20,HIGHLEVEL USE
21568997,1,3,HIGHLEVEL USE
36618829,7,25,MEDICORE USE
75606690,7,30,MEDICORE USE
73630078,7,20,HIGHLEVEL USE
15139896,7,30,MEDICORE USE
17932485,4,20,HIGHLEVEL USE
53902183,1,1,LOWLEVEL USE
52812343,7,15,HIGHLEVEL USE
43867528,6,30,MEDICORE USE
10716870,6,30,MEDICORE USE
79977608,5,25,MEDICORE USE
85420664,5,20,HIGHLEVEL USE
90297488,6,30,MEDICORE USE
57682117,5,5,LOWLEVEL USE
19217755,4,15,HIGHLEVEL USE
77047036,3,15,HIGHLEVEL USE
89302130,2,9,HIGHLEVEL USE
20467946,1,1,LOWLEVEL USE
81856597,4,25,MEDICORE USE
59257275,5,25,MEDICORE USE
63249923,7,30,MEDICORE USE
45982659,4,25,MEDICORE USE
86587494,2,15,HIGHLEVEL USE
69344790,3,15,HIGHLEVEL USE
60411426,7,30,MEDICORE USE
31173524,3,3,LOWLEVEL USE
80227739,4,28,MEDICORE USE
95622657,4,16,HIGHLEVEL USE
27296710,5,5,LOWLEVEL USE
89898508,2,10,HIGHLEVEL USE
92011314,7,13,HIGHLEVEL USE
81852245,7,25,MEDICORE USE
30419856,3,15,HIGHLEVEL USE
31988677,3,15,HIGHLEVEL USE
20824714,7,30,MEDICORE USE
74108594,3,15,HIGHLEVEL USE
50600257,5,7,HIGHLEVEL USE
93398800,7,30,MEDICORE USE
77711638,1,3,HIGHLEVEL USE
74544363,3,27,MEDICORE USE
39281369,6,30,MEDICORE USE
26112240,7,30,MEDICORE USE
19523023,4,10,HIGHLEVEL USE
95548573,6,30,MEDICORE USE
14242469,6,28,MEDICORE USE
81005110,3,15,HIGHLEVEL USE
53649474,2,4,HIGHLEVEL USE
17839887,7,10,HIGHLEVEL USE
25161014,7,30,MEDICORE USE
34616416,5,25,MEDICORE USE
46976634,5,25,MEDICORE USE
59682975,7,25,MEDICORE USE
81464198,2,5,HIGHLEVEL USE
95029746,5,27,MEDICORE USE
80471284,6,28,MEDICORE USE
44010163,1,2,HIGHLEVEL USE
39414798,6,28,MEDICORE USE
67106277,3,20,HIGHLEVEL USE
15587584,5,20,HIGHLEVEL USE
31631700,2,20,HIGHLEVEL USE
33839808,5,30,MEDICORE USE
22631743,6,25,MEDICORE USE
43301770,7,16,HIGHLEVEL USE
33296195,5,30,MEDICORE USE
17363144,2,14,HIGHLEVEL USE
87855896,6,20,HIGHLEVEL USE
70950080,5,20,HIGHLEVEL USE
21458946,1,1,LOWLEVEL USE
24099293,7,30,MEDICORE USE
66663949,1,6,HIGHLEVEL USE
66492873,5,20,HIGHLEVEL USE
48137626,6,29,MEDICORE USE
14572465,5,25,MEDICORE USE
55465044,5,20,HIGHLEVEL USE
10720269,2,15,HIGHLEVEL USE
39000784,5,20,HIGHLEVEL USE
85139070,7,1,LOWLEVEL USE
49285268,1,7,HIGHLEVEL USE
77043355,4,20,HIGHLEVEL USE
28362955,3,5,HIGHLEVEL USE
16313517,2,25,MEDICORE USE
21490560,1,4,HIGHLEVEL USE
50157883,5,25,MEDICORE USE
33486740,7,30,MEDICORE USE
87794087,7,30,MEDICORE USE
46833287,6,29,MEDICORE USE
60824035,7,7,LOWLEVEL USE
23590940,6,28,MEDICORE USE
23740180,1,15,HIGHLEVEL USE
85455965,6,27,MEDICORE USE
82170708,4,4,LOWLEVEL USE
51888517,7,30,MEDICORE USE
21645665,5,20,HIGHLEVEL USE
49607405,7,30,MEDICORE USE
39416335,7,28,MEDICORE USE
13210836,6,29,MEDICORE USE
75510928,5,15,HIGHLEVEL USE
78246917,7,5,LOWLEVEL USE
31052225,5,28,MEDICORE USE
98734950,7,30,MEDICORE USE
67987953,4,15,HIGHLEVEL USE
61347118,7,30,MEDICORE USE
26461989,1,3,HIGHLEVEL USE
72622767,2,30,MEDICORE USE
36891466,2,8,HIGHLEVEL USE
79855084,6,28,MEDICORE USE
87137877,4,12,HIGHLEVEL USE
11665870,4,25,MEDICORE USE
26716448,6,29,MEDICORE USE
47076563,7,29,MEDICORE USE
83928499,7,30,MEDICORE USE
20998856,7,10,HIGHLEVEL USE
41019537,2,15,HIGHLEVEL USE
27963216,6,27,MEDICORE USE
85500033,4,20,HIGHLEVEL USE
91102055,6,4,LOWLEVEL USE
48303338,7,25,MEDICORE USE
93101856,4,20,HIGHLEVEL USE
47042794,3,15,HIGHLEVEL USE
73035895,2,20,HIGHLEVEL USE
27580449,4,20,HIGHLEVEL USE
26907424,2,3,HIGHLEVEL USE
21740535,7,21,MEDICORE USE
51395209,7,30,MEDICORE USE
80060560,2,7,HIGHLEVEL USE
72305505,3,30,MEDICORE USE
95101394,3,4,HIGHLEVEL USE
62941759,2,1,LOWLEVEL USE
93036135,7,30,MEDICORE USE
89815895,7,30,MEDICORE USE
39247690,3,6,HIGHLEVEL USE
73767279,7,27,MEDICORE USE
35404235,7,7,LOWLEVEL USE
95883036,5,20,HIGHLEVEL USE
82399706,2,8,HIGHLEVEL USE
96532567,1,5,HIGHLEVEL USE
42353326,1,30,MEDICORE USE
41868915,4,16,HIGHLEVEL USE
35871057,5,15,HIGHLEVEL USE
19333175,6,27,MEDICORE USE
55494146,5,14,HIGHLEVEL USE
11371397,1,4,HIGHLEVEL USE
48763293,3,25,MEDICORE USE
67281945,7,30,MEDICORE USE
11672994,6,30,MEDICORE USE
88382458,5,14,HIGHLEVEL USE
35863925,1,1,LOWLEVEL USE
92949859,6,25,MEDICORE USE
85181809,1,5,HIGHLEVEL USE
39570076,6,28,MEDICORE USE
65092106,3,30,MEDICORE USE
85457455,1,3,HIGHLEVEL USE
44288783,6,29,MEDICORE USE
26752465,5,5,LOWLEVEL USE
20381056,5,28,MEDICORE USE
53056873,5,20,HIGHLEVEL USE
56520870,1,5,HIGHLEVEL USE
57830335,1,1,LOWLEVEL USE
56820893,5,25,MEDICORE USE
55953775,3,30,MEDICORE USE
47588554,5,27,MEDICORE USE
33498739,1,1,LOWLEVEL USE
23423687,5,26,MEDICORE USE
74262108,4,30,MEDICORE USE
93361066,7,30,MEDICORE USE
51466673,1,4,HIGHLEVEL USE
73061836,1,1,LOWLEVEL USE
95949377,6,30,MEDICORE USE
75811290,3,10,HIGHLEVEL USE
54386793,7,30,MEDICORE USE
83605767,7,30,MEDICORE USE
43431418,5,5,LOWLEVEL USE
75166168,5,27,MEDICORE USE
35747539,5,28,MEDICORE USE
93127234,3,3,LOWLEVEL USE
60503105,6,26,MEDICORE USE
70638203,5,30,MEDICORE USE
77509858,1,4,HIGHLEVEL USE
99533560,2,2,LOWLEVEL USE
67350863,1,3,HIGHLEVEL USE
48344734,7,30,MEDICORE USE
31499358,3,10,HIGHLEVEL USE
19434956,7,30,MEDICORE USE
23693458,7,30,MEDICORE USE
43351987,3,9,HIGHLEVEL USE
30026265,1,5,HIGHLEVEL USE
98370545,3,30,MEDICORE USE
47312338,7,28,MEDICORE USE
45236374,1,5,HIGHLEVEL USE
87899198,5,20,HIGHLEVEL USE
90589514,4,15,HIGHLEVEL USE
75415926,3,20,HIGHLEVEL USE
53490950,7,3,LOWLEVEL USE
67162079,5,5,LOWLEVEL USE
61853268,5,10,HIGHLEVEL USE
11615866,2,8,HIGHLEVEL USE
11443308,7,30,MEDICORE USE
29601479,4,25,MEDICORE USE
45030919,3,10,HIGHLEVEL USE
66593438,5,25,MEDICORE USE
24965293,2,7,HIGHLEVEL USE
51017316,7,30,MEDICORE USE
47302089,7,30,MEDICORE USE
35616784,2,5,HIGHLEVEL USE
91241739,2,30,MEDICORE USE
87604148,3,2,LOWLEVEL USE
19243923,5,22,MEDICORE USE
56534175,3,20,HIGHLEVEL USE
60065048,1,4,HIGHLEVEL USE
91470203,7,30,MEDICORE USE
63389886,7,29,MEDICORE USE
69076364,6,20,HIGHLEVEL USE
95617934,3,20,HIGHLEVEL USE
75257097,7,30,MEDICORE USE
49263394,7,30,MEDICORE USE
82489443,5,21,MEDICORE USE
94590228,5,20,HIGHLEVEL USE
55615968,5,20,HIGHLEVEL USE
11270497,7,30,MEDICORE USE
33555357,3,5,HIGHLEVEL USE
23165136,7,30,MEDICORE USE
82814399,6,27,MEDICORE USE
28586766,3,8,HIGHLEVEL USE
42272335,4,15,HIGHLEVEL USE
52123820,6,30,MEDICORE USE
25409223,7,30,MEDICORE USE
67577404,3,10,HIGHLEVEL USE
13312345,6,20,HIGHLEVEL USE
63617459,7,30,MEDICORE USE
62279256,6,25,MEDICORE USE
12293083,2,2,LOWLEVEL USE
57886034,7,30,MEDICORE USE
53684217,6,29,MEDICORE USE
66650777,7,29,MEDICORE USE
17954839,7,30,MEDICORE USE
62985480,6,25,MEDICORE USE
29953674,7,30,MEDICORE USE
45925065,2,25,MEDICORE USE
65754167,2,15,HIGHLEVEL USE
13032514,3,15,HIGHLEVEL USE
23459978,7,30,MEDICORE USE
85535528,7,30,MEDICORE USE
15130829,3,20,HIGHLEVEL USE
93360114,5,30,MEDICORE USE
73371339,7,30,MEDICORE USE
13703777,3,10,HIGHLEVEL USE
57530015,5,28,MEDICORE USE
41379680,2,2,LOWLEVEL USE
53583525,7,30,MEDICORE USE
65578937,3,12,HIGHLEVEL USE
38110448,3,12,HIGHLEVEL USE
59218429,6,28,MEDICORE USE
55791896,4,16,HIGHLEVEL USE
60592427,7,30,MEDICORE USE
86825155,1,4,HIGHLEVEL USE
61234254,6,24,MEDICORE USE
93438877,5,20,HIGHLEVEL USE
46519008,7,30,MEDICORE USE
52641350,7,30,MEDICORE USE
15773557,6,25,MEDICORE USE
24353863,5,10,HIGHLEVEL USE
22702467,1,29,MEDICORE USE
68104433,3,6,HIGHLEVEL USE
76284449,5,25,MEDICORE USE
36991517,5,23,MEDICORE USE
37968723,5,14,HIGHLEVEL USE
46582505,7,30,MEDICORE USE
95314263,5,25,MEDICORE USE
81280170,6,25,MEDICORE USE
48078189,2,8,HIGHLEVEL USE
37259227,7,28,MEDICORE USE
80056010,6,25,MEDICORE USE
81106256,3,13,HIGHLEVEL USE
51336955,3,30,MEDICORE USE
30688127,6,29,MEDICORE USE
21456829,7,30,MEDICORE USE
73029993,7,27,MEDICORE USE
43924793,7,30,MEDICORE USE
39103970,7,15,HIGHLEVEL USE
31543949,6,25,MEDICORE USE
59256384,7,30,MEDICORE USE
20088045,7,12,HIGHLEVEL USE
43742037,4,20,HIGHLEVEL USE
31320053,1,1,LOWLEVEL USE
75549558,4,4,LOWLEVEL USE
75000064,7,7,LOWLEVEL USE
20478077,3,20,HIGHLEVEL USE
21445147,5,25,MEDICORE USE
27845717,4,28,MEDICORE USE
89390345,4,15,HIGHLEVEL USE
41958939,7,30,MEDICORE USE
63936390,3,30,MEDICORE USE
71352535,5,24,MEDICORE USE
77562077,1,3,HIGHLEVEL USE
35068709,7,7,LOWLEVEL USE
53363094,7,30,MEDICORE USE
63655328,7,30,MEDICORE USE
31705017,4,20,HIGHLEVEL USE
14310076,7,30,MEDICORE USE
83611457,3,4,HIGHLEVEL USE
73357225,7,30,MEDICORE USE
